Week,Team,Day,Date,Time,Link,Result,OT,Rec,H/A,Opp,Score_Tm,Score_Opp,Off_1stD,Off_TotYd,Off_PassYd,Off_RushYd,Off_TO,Def_1stD,Def_TotYd,Def_PassYd,Def_RushYD,Def_TO,Exp_Offense,Exp_Defense,Exp_SpecTms
1,49ers,Sun,11-Sep,1:00PM ET,boxscore,L,NaN,0-1,@,Chicago Bears,10,19,17,331,155,176,2,15,204,105,99,1,-11.26,-0.67,0.42
2,49ers,Sun,18-Sep,4:05PM ET,boxscore,W,NaN,1-Jan,NaN,Seattle Seahawks,27,7,25,373,184,189,NaN,14,216,180,36,3,16.39,9.18,-7.67
3,49ers,Sun,25-Sep,8:20PM ET,boxscore,L,NaN,2-Jan,@,Denver Broncos,10,11,13,267,179,88,3,14,261,160,101,NaN,-16.39,13.59,-1.26
4,49ers,Mon,3-Oct,8:15PM ET,boxscore,W,NaN,2-Feb,NaN,Los Angeles Rams,24,9,13,327,239,88,NaN,21,257,200,57,2,10.05,11.56,-7.93
5,49ers,Sun,9-Oct,4:05PM ET,boxscore,W,NaN,2-Mar,@,Carolina Panthers,37,15,22,397,244,153,1,15,308,244,64,1,16.04,13.22,-7.82
6,49ers,Sun,16-Oct,1:00PM ET,boxscore,L,NaN,3-Mar,@,Atlanta Falcons,14,28,21,346,296,50,3,18,289,121,168,NaN,0.59,-11.56,1.69
7,49ers,Sun,23-Oct,4:25PM ET,boxscore,L,NaN,4-Mar,NaN,Kansas City Chiefs,23,44,25,444,343,101,3,24,529,417,112,2,3.59,-30.58,8.5
8,49ers,Sun,30-Oct,4:25PM ET,boxscore,W,NaN,4-Apr,@,Los Angeles Rams,31,14,22,368,257,111,NaN,16,223,167,56,NaN,23.18,-3.37,-2.48
9,49ers,NaN,NaN,NaN,NaN,NaN,NaN,NaN,NaN,Bye Week,NaN,NaN,NaN,NaN,NaN,NaN,NaN,NaN,NaN,NaN,NaN,NaN,NaN,NaN,NaN
10,49ers,Sun,13-Nov,8:20PM ET,boxscore,W,NaN,4-May,NaN,Los Angeles Chargers,22,16,22,387,230,157,1,12,238,187,51,1,6.2,7.29,-5.38
11,49ers,Mon,21-Nov,8:15PM ET,boxscore,W,NaN,4-Jun,@,Arizona Cardinals,38,10,21,387,228,159,NaN,19,314,247,67,2,20.26,9.44,-1.43
12,49ers,Sun,27-Nov,4:25PM ET,boxscore,W,NaN,4-Jul,NaN,New Orleans Saints,13,0,21,317,221,96,NaN,14,260,197,63,2,2.05,8.15,2.22
13,49ers,Sun,4-Dec,4:05PM ET,boxscore,W,NaN,4-Aug,NaN,Miami Dolphins,33,17,24,351,230,121,1,14,308,275,33,4,1.78,13.36,1
14,49ers,Sun,11-Dec,4:25PM ET,boxscore,W,NaN,4-Sep,NaN,Tampa Bay Buccaneers,35,7,24,404,195,209,1,18,322,253,69,3,18.39,13.41,-0.43
15,49ers,Thu,15-Dec,8:15PM ET,boxscore,W,NaN,4-Oct,@,Seattle Seahawks,21,13,15,381,211,170,NaN,16,277,207,70,1,9.75,11.24,-8.96
16,49ers,Sat,24-Dec,4:05PM ET,boxscore,W,NaN,4-Nov,NaN,Washington Commanders,37,20,14,371,218,153,1,21,349,270,79,2,9.41,2.45,3.02
17,49ers,Sun,1-Jan,4:05PM ET,boxscore,W,OT,4-Dec,@,Las Vegas Raiders,37,34,27,454,284,170,1,29,500,365,135,2,23.25,-13.83,-6.49
18,49ers,Sun,8-Jan,4:25PM ET,boxscore,W,NaN,13-4,NaN,Arizona Cardinals,38,13,21,311,142,169,NaN,11,255,194,61,4,9.62,15.23,0.8
NaN,49ers,NaN,Playoffs,NaN,NaN,NaN,NaN,NaN,NaN,NaN,NaN,NaN,NaN,NaN,NaN,NaN,NaN,NaN,NaN,NaN,NaN,NaN,NaN,NaN,NaN
Wild Card,49ers,Sat,14-Jan,4:30PM ET,boxscore,W,NaN,14-4,NaN,Seattle Seahawks,41,23,24,505,324,181,NaN,22,332,228,104,2,27.6,-6.41,-0.62
Division,49ers,Sun,22-Jan,6:30PM ET,boxscore,W,NaN,15-4,NaN,Dallas Cowboys,19,12,21,312,199,113,1,15,282,206,76,2,6.35,6.08,-4.19
Conf. Champ.,49ers,Sun,29-Jan,3:00PM ET,boxscore,L,NaN,15-5,@,Philadelphia Eagles,7,31,11,164,83,81,3,25,269,121,148,NaN,-15.56,-11.52,2.56
1,bears,Sun,11-Sep,1:00PM ET,boxscore,W,NaN,Jan-00,NaN,San Francisco 49ers,19,10,15,204,105,99,1,17,331,155,176,2,0.67,11.26,-0.42
2,bears,Sun,18-Sep,8:20PM ET,boxscore,L,NaN,1-Jan,@,Green Bay Packers,10,27,11,228,48,180,1,26,414,211,203,1,-4.4,-16.87,1.71
3,bears,Sun,25-Sep,1:00PM ET,boxscore,W,NaN,1-Feb,NaN,Houston Texans,23,20,17,363,82,281,2,17,329,237,92,2,2.69,1.75,-1.18
4,bears,Sun,2-Oct,1:00PM ET,boxscore,L,NaN,2-Feb,@,New York Giants,12,20,16,304,155,149,3,21,333,71,262,2,-6.69,-9.33,7.79
5,bears,Sun,9-Oct,1:00PM ET,boxscore,L,NaN,3-Feb,@,Minnesota Vikings,22,29,14,271,193,78,1,29,429,312,117,1,1.82,-21.45,9.74
6,bears,Thu,13-Oct,8:15PM ET,boxscore,L,NaN,4-Feb,NaN,Washington Commanders,7,12,20,391,154,237,2,14,214,86,128,NaN,-2.22,7.28,-6.24
7,bears,Mon,24-Oct,8:15PM ET,boxscore,W,NaN,4-Mar,@,New England Patriots,33,14,24,390,147,243,1,12,260,190,70,4,8.77,10.97,0.11
8,bears,Sun,30-Oct,1:00PM ET,boxscore,L,NaN,5-Mar,@,Dallas Cowboys,29,49,22,371,131,240,1,24,442,242,200,1,1.52,-26.47,3.05
9,bears,Sun,6-Nov,1:00PM ET,boxscore,L,NaN,6-Mar,NaN,Miami Dolphins,32,35,23,368,116,252,NaN,21,379,302,77,NaN,17.18,-19.83,-2.01
10,bears,Sun,13-Nov,1:00PM ET,boxscore,L,NaN,7-Mar,NaN,Detroit Lions,30,31,19,408,150,258,1,25,323,228,95,NaN,9.38,-13.55,-2.09
11,bears,Sun,20-Nov,1:00PM ET,boxscore,L,NaN,8-Mar,@,Atlanta Falcons,24,27,20,288,128,160,1,18,280,131,149,2,3.91,-4.06,-5.42
12,bears,Sun,27-Nov,1:00PM ET,boxscore,L,NaN,9-Mar,@,New York Jets,10,31,14,292,165,127,1,22,466,308,158,NaN,-3.97,-20.96,3.63
13,bears,Sun,4-Dec,1:00PM ET,boxscore,L,NaN,10-Mar,NaN,Green Bay Packers,19,28,15,409,254,155,3,21,357,182,175,NaN,7.73,-13.69,0.33
14,bears,NaN,NaN,NaN,NaN,NaN,NaN,NaN,NaN,Bye Week,NaN,NaN,NaN,NaN,NaN,NaN,NaN,NaN,NaN,NaN,NaN,NaN,NaN,NaN,NaN
15,bears,Sun,18-Dec,1:00PM ET,boxscore,L,NaN,11-Mar,NaN,Philadelphia Eagles,20,25,15,248,91,157,1,20,421,309,112,3,-6.32,-5.25,2.12
16,bears,Sat,24-Dec,1:00PM ET,boxscore,L,NaN,12-Mar,NaN,Buffalo Bills,13,35,11,209,129,80,2,20,426,172,254,3,-20.55,-9.47,9.39
17,bears,Sun,1-Jan,1:00PM ET,boxscore,L,NaN,13-Mar,@,Detroit Lions,10,41,9,230,30,200,2,26,504,239,265,NaN,-10.91,-22.92,6.73
18,bears,Sun,8-Jan,1:00PM ET,boxscore,L,NaN,14-Mar,NaN,Minnesota Vikings,13,29,13,259,141,118,2,28,482,341,141,2,-5.75,-16.54,5.65
1,bengals,Sun,11-Sep,1:00PM ET,boxscore,L,OT,0-1,NaN,Pittsburgh Steelers,20,23,32,432,299,133,5,13,267,192,75,NaN,-7.49,8.41,-4.85
2,bengals,Sun,18-Sep,4:25PM ET,boxscore,L,NaN,0-2,@,Dallas Cowboys,17,20,19,254,165,89,NaN,19,337,230,107,1,0.76,-6.08,1.25
3,bengals,Sun,25-Sep,1:00PM ET,boxscore,W,NaN,2-Jan,@,New York Jets,27,12,20,330,261,69,1,19,328,252,76,4,3.99,16.45,-6.98
4,bengals,Thu,29-Sep,8:15PM ET,boxscore,W,NaN,2-Feb,NaN,Miami Dolphins,27,15,16,371,304,67,NaN,20,378,293,85,2,9.11,-0.48,3.73
5,bengals,Sun,9-Oct,8:20PM ET,boxscore,L,NaN,3-Feb,@,Baltimore Ravens,17,19,20,291,190,101,1,22,325,170,155,1,3.22,-3.89,-1.19
6,bengals,Sun,16-Oct,1:00PM ET,boxscore,W,NaN,3-Mar,@,New Orleans Saints,30,26,21,348,273,75,1,22,399,171,228,NaN,17.18,-9.06,-2.4
7,bengals,Sun,23-Oct,1:00PM ET,boxscore,W,NaN,3-Apr,NaN,Atlanta Falcons,35,17,29,537,459,78,NaN,13,214,107,107,NaN,33.05,-3.19,-6.33
8,bengals,Mon,31-Oct,8:15PM ET,boxscore,L,NaN,4-Apr,@,Cleveland Browns,13,32,15,229,193,36,2,24,440,268,172,2,-3.49,-15.92,-2.71
9,bengals,Sun,6-Nov,1:00PM ET,boxscore,W,NaN,4-May,NaN,Carolina Panthers,42,21,30,464,223,241,NaN,13,228,164,64,3,30.2,-0.37,-12.97
10,bengals,NaN,NaN,NaN,NaN,NaN,NaN,NaN,NaN,Bye Week,NaN,NaN,NaN,NaN,NaN,NaN,NaN,NaN,NaN,NaN,NaN,NaN,NaN,NaN,NaN
11,bengals,Sun,20-Nov,4:25PM ET,boxscore,W,NaN,4-Jun,@,Pittsburgh Steelers,37,30,22,408,346,62,2,17,351,249,102,NaN,9.45,-3.17,2.27
12,bengals,Sun,27-Nov,1:00PM ET,boxscore,W,NaN,4-Jul,@,Tennessee Titans,20,16,21,374,266,108,NaN,15,344,281,63,NaN,5.39,-4.57,5.94
13,bengals,Sun,4-Dec,4:25PM ET,boxscore,W,NaN,4-Aug,NaN,Kansas City Chiefs,27,24,26,431,279,152,NaN,20,349,211,138,1,19.79,-16.21,1.75
14,bengals,Sun,11-Dec,1:00PM ET,boxscore,W,NaN,4-Sep,NaN,Cleveland Browns,23,10,23,363,227,136,1,18,344,273,71,1,7.01,8.32,-3.29
15,bengals,Sun,18-Dec,4:25PM ET,boxscore,W,NaN,4-Oct,@,Tampa Bay Buccaneers,34,23,20,237,184,53,1,25,396,304,92,4,1.78,1.98,7.2
16,bengals,Sat,24-Dec,1:00PM ET,boxscore,W,NaN,4-Nov,@,New England Patriots,22,18,28,442,369,73,3,15,285,224,61,1,0.86,5,1.12
17,bengals,Mon,2-Jan,8:30PM ET,canceled,-,NaN,3-Dec,NaN,Buffalo Bills,Canceled,NaN,NaN,NaN,NaN,NaN,NaN,NaN,NaN,NaN,NaN,NaN,NaN,NaN,NaN
18,bengals,Sun,8-Jan,1:00PM ET,boxscore,W,NaN,4-Dec,NaN,Baltimore Ravens,27,16,15,257,202,55,1,20,386,276,110,4,-9.98,13.37,2.37
NaN,bengals,NaN,Playoffs,NaN,NaN,NaN,NaN,NaN,NaN,NaN,NaN,NaN,NaN,NaN,NaN,NaN,NaN,NaN,NaN,NaN,NaN,NaN,NaN,NaN,NaN
Wild Card,bengals,Sun,15-Jan,8:15PM ET,boxscore,W,NaN,13-4,NaN,Baltimore Ravens,24,17,18,234,183,51,1,23,364,209,155,2,0.7,1.77,2.72
Division,bengals,Sun,22-Jan,3:00PM ET,boxscore,W,NaN,14-4,@,Buffalo Bills,27,10,30,412,240,172,NaN,19,325,261,64,1,22.03,-3.52,-1.83
Conf. Champ.,bengals,Sun,29-Jan,6:30PM ET,boxscore,L,NaN,14-5,@,Kansas City Chiefs,20,23,18,309,238,71,2,23,357,315,42,1,4.06,-8.86,3.07
1,bills,Thu,8-Sep,8:20PM ET,boxscore,W,NaN,Jan-00,@,Los Angeles Rams,31,10,23,413,292,121,4,19,243,191,52,3,13.89,10.29,-3.96
2,bills,Mon,19-Sep,7:15PM ET,boxscore,W,NaN,Feb-00,NaN,Tennessee Titans,41,7,23,414,313,101,NaN,12,187,107,80,4,17.69,18.01,1.55
3,bills,Sun,25-Sep,1:00PM ET,boxscore,L,NaN,1-Feb,@,Miami Dolphins,19,21,31,497,382,115,1,15,212,171,41,NaN,15.88,-7.45,-4.86
4,bills,Sun,2-Oct,1:00PM ET,boxscore,W,NaN,1-Mar,@,Baltimore Ravens,23,20,22,326,201,125,2,22,296,134,162,2,2.1,2.66,-1.69
5,bills,Sun,9-Oct,1:00PM ET,boxscore,W,NaN,1-Apr,NaN,Pittsburgh Steelers,38,3,21,552,432,120,2,23,364,310,54,2,20.66,9.42,3.54
6,bills,Sun,16-Oct,4:25PM ET,boxscore,W,NaN,1-May,@,Kansas City Chiefs,24,20,26,443,318,125,1,23,387,319,68,2,11.13,-6.45,0.56
7,bills,NaN,NaN,NaN,NaN,NaN,NaN,NaN,NaN,Bye Week,NaN,NaN,NaN,NaN,NaN,NaN,NaN,NaN,NaN,NaN,NaN,NaN,NaN,NaN,NaN
8,bills,Sun,30-Oct,8:20PM ET,boxscore,W,NaN,1-Jun,NaN,Green Bay Packers,27,17,20,369,216,153,2,21,398,190,208,1,12.79,-5.55,4.01
9,bills,Sun,6-Nov,1:00PM ET,boxscore,L,NaN,2-Jun,@,New York Jets,17,20,19,317,183,134,2,21,310,136,174,1,0.54,-7.64,2.11
10,bills,Sun,13-Nov,1:00PM ET,boxscore,L,OT,3-Jun,NaN,Minnesota Vikings,30,33,29,486,311,175,4,24,481,334,147,2,1.45,-4.8,-0.39
11,bills,Sun,20-Nov,1:00PM ET,boxscore,W,NaN,3-Jul,NaN,Cleveland Browns,31,23,22,357,186,171,NaN,27,396,316,80,1,6,-10.86,13.72
12,bills,Thu,24-Nov,12:30PM ET,boxscore,W,NaN,3-Aug,@,Detroit Lions,28,25,28,401,237,164,1,22,326,230,96,2,16.07,-12.71,-3.07
13,bills,Thu,1-Dec,8:15PM ET,boxscore,W,NaN,3-Sep,@,New England Patriots,24,10,22,355,223,132,1,14,242,182,60,NaN,9.5,1.41,3.26
14,bills,Sun,11-Dec,1:00PM ET,boxscore,W,NaN,3-Oct,NaN,New York Jets,20,12,14,232,130,102,NaN,19,309,233,76,2,-5.17,12.35,3.77
15,bills,Sat,17-Dec,8:15PM ET,boxscore,W,NaN,3-Nov,NaN,Miami Dolphins,32,29,29,446,296,150,1,20,405,217,188,NaN,19.07,-10.87,-4.2
16,bills,Sat,24-Dec,1:00PM ET,boxscore,W,NaN,3-Dec,@,Chicago Bears,35,13,20,426,172,254,3,11,209,129,80,2,9.47,20.55,-9.39
17,bills,Mon,2-Jan,8:30PM ET,canceled,-,NaN,3-Dec,@,Cincinnati Bengals,Canceled,NaN,NaN,NaN,NaN,NaN,NaN,NaN,NaN,NaN,NaN,NaN,NaN,NaN,NaN
18,bills,Sun,8-Jan,1:00PM ET,boxscore,W,NaN,13-3,NaN,New England Patriots,35,23,18,327,237,90,3,20,341,234,107,3,5.28,2.57,7.7
NaN,bills,NaN,Playoffs,NaN,NaN,NaN,NaN,NaN,NaN,NaN,NaN,NaN,NaN,NaN,NaN,NaN,NaN,NaN,NaN,NaN,NaN,NaN,NaN,NaN,NaN
Wild Card,bills,Sun,15-Jan,1:00PM ET,boxscore,W,NaN,14-3,NaN,Miami Dolphins,34,31,25,423,316,107,3,16,231,189,42,2,-2.41,15.56,-6.64
Division,bills,Sun,22-Jan,3:00PM ET,boxscore,L,NaN,14-4,NaN,Cincinnati Bengals,10,27,19,325,261,64,1,30,412,240,172,NaN,3.52,-22.03,1.83
1,broncos,Mon,12-Sep,8:20PM ET,boxscore,L,NaN,0-1,@,Seattle Seahawks,16,17,20,433,330,103,2,19,253,177,76,1,9.94,-4.1,-6.84
2,broncos,Sun,18-Sep,4:25PM ET,boxscore,W,NaN,1-Jan,NaN,Houston Texans,16,9,20,350,201,149,1,15,234,154,80,NaN,3.38,12.19,-5.2
3,broncos,Sun,25-Sep,8:20PM ET,boxscore,W,NaN,1-Feb,NaN,San Francisco 49ers,11,10,14,261,160,101,NaN,13,267,179,88,3,-13.59,16.39,1.26
4,broncos,Sun,2-Oct,4:25PM ET,boxscore,L,NaN,2-Feb,@,Las Vegas Raiders,23,32,12,299,214,85,1,25,385,173,212,NaN,-6.65,-12.04,6.95
5,broncos,Thu,6-Oct,8:15PM ET,boxscore,L,OT,3-Feb,NaN,Indianapolis Colts,9,12,18,375,250,125,2,19,306,200,106,2,-11.36,14.91,-7.4
6,broncos,Mon,17-Oct,8:15PM ET,boxscore,L,OT,4-Feb,@,Los Angeles Chargers,16,19,13,258,160,98,1,24,297,224,73,1,-3.11,1.03,-0.92
7,broncos,Sun,23-Oct,4:05PM ET,boxscore,L,NaN,5-Feb,NaN,New York Jets,9,16,21,324,219,105,1,10,260,105,155,NaN,-8.53,8.14,-8.12
8,broncos,Sun,30-Oct,9:30AM ET,boxscore,W,NaN,5-Mar,@,Jacksonville Jaguars,21,17,18,331,230,101,1,24,305,114,191,2,4.66,1.81,3.24
9,broncos,NaN,NaN,NaN,NaN,NaN,NaN,NaN,NaN,Bye Week,NaN,NaN,NaN,NaN,NaN,NaN,NaN,NaN,NaN,NaN,NaN,NaN,NaN,NaN,NaN
10,broncos,Sun,13-Nov,1:00PM ET,boxscore,L,NaN,6-Mar,@,Tennessee Titans,10,17,18,313,248,65,1,14,307,244,63,1,-5.39,3.15,-4.06
11,broncos,Sun,20-Nov,4:05PM ET,boxscore,L,OT,7-Mar,NaN,Las Vegas Raiders,16,22,19,320,226,94,NaN,20,407,298,109,NaN,4.11,-5.95,-4.44
12,broncos,Sun,27-Nov,1:00PM ET,boxscore,L,NaN,8-Mar,@,Carolina Panthers,10,23,14,246,125,121,2,19,349,164,185,1,-9.5,-6.49,1.36
13,broncos,Sun,4-Dec,1:00PM ET,boxscore,L,NaN,9-Mar,@,Baltimore Ravens,9,10,12,272,184,88,NaN,20,285,182,103,2,-4.43,2.33,1.45
14,broncos,Sun,11-Dec,4:20PM ET,boxscore,L,NaN,10-Mar,NaN,Kansas City Chiefs,28,34,17,320,214,106,2,20,431,342,89,3,-0.63,-7.21,0.09
15,broncos,Sun,18-Dec,4:05PM ET,boxscore,W,NaN,10-Apr,NaN,Arizona Cardinals,24,15,23,324,156,168,2,13,240,167,73,3,-0.79,19.01,-6.6
16,broncos,Sun,25-Dec,4:30PM ET,boxscore,L,NaN,11-Apr,@,Los Angeles Rams,14,51,18,323,219,104,4,26,388,230,158,NaN,-13.18,-22.61,-1.14
17,broncos,Sun,1-Jan,1:00PM ET,boxscore,L,NaN,12-Apr,@,Kansas City Chiefs,24,27,21,307,190,117,2,22,374,328,46,2,-2.92,-10.69,6.78
18,broncos,Sun,8-Jan,4:25PM ET,boxscore,W,NaN,12-May,NaN,Los Angeles Chargers,31,28,22,471,266,205,2,21,352,293,59,2,16.37,-2.63,-8.58
1,browns,Sun,11-Sep,1:00PM ET,boxscore,W,NaN,Jan-00,@,Carolina Panthers,26,24,23,355,138,217,NaN,15,261,207,54,1,6.82,-5.38,1.66
2,browns,Sun,18-Sep,1:00PM ET,boxscore,L,NaN,1-Jan,NaN,New York Jets,30,31,29,405,221,184,1,20,402,309,93,1,17.92,-15.19,-5.38
3,browns,Thu,22-Sep,8:15PM ET,boxscore,W,NaN,1-Feb,NaN,Pittsburgh Steelers,29,17,22,376,205,171,NaN,20,308,204,104,1,10.79,1.19,0.62
4,browns,Sun,2-Oct,1:00PM ET,boxscore,L,NaN,2-Feb,@,Atlanta Falcons,20,23,22,403,226,177,2,19,333,131,202,1,5.25,-5.92,-1.44
5,browns,Sun,9-Oct,1:00PM ET,boxscore,L,NaN,3-Feb,NaN,Los Angeles Chargers,28,30,27,443,230,213,1,26,465,227,238,NaN,16.53,-16.01,-4.92
6,browns,Sun,16-Oct,1:00PM ET,boxscore,L,NaN,4-Feb,NaN,New England Patriots,15,38,16,328,258,70,4,20,399,301,98,1,-12.35,-11.3,0.09
7,browns,Sun,23-Oct,1:00PM ET,boxscore,L,NaN,5-Feb,@,Baltimore Ravens,20,23,18,336,223,113,2,17,254,94,160,1,6.61,-1.58,-7.18
8,browns,Mon,31-Oct,8:15PM ET,boxscore,W,NaN,5-Mar,NaN,Cincinnati Bengals,32,13,24,440,268,172,2,15,229,193,36,2,15.92,3.49,2.71
9,browns,NaN,NaN,NaN,NaN,NaN,NaN,NaN,NaN,Bye Week,NaN,NaN,NaN,NaN,NaN,NaN,NaN,NaN,NaN,NaN,NaN,NaN,NaN,NaN,NaN
10,browns,Sun,13-Nov,1:00PM ET,boxscore,L,NaN,6-Mar,@,Miami Dolphins,17,39,20,297,185,112,1,29,491,296,195,NaN,-1.04,-28.5,4.93
11,browns,Sun,20-Nov,1:00PM ET,boxscore,L,NaN,7-Mar,@,Buffalo Bills,23,31,27,396,316,80,1,22,357,186,171,NaN,10.86,-6,-13.72
12,browns,Sun,27-Nov,1:00PM ET,boxscore,W,OT,7-Apr,NaN,Tampa Bay Buccaneers,23,17,22,367,178,189,1,16,325,229,96,NaN,2.41,1.81,1.78
13,browns,Sun,4-Dec,1:00PM ET,boxscore,W,NaN,7-May,@,Houston Texans,27,14,14,304,130,174,2,16,283,201,82,4,-13.96,23.84,5.52
14,browns,Sun,11-Dec,1:00PM ET,boxscore,L,NaN,8-May,@,Cincinnati Bengals,10,23,18,344,273,71,1,23,363,227,136,1,-8.32,-7.01,3.29
15,browns,Sat,17-Dec,4:30PM ET,boxscore,W,NaN,8-Jun,NaN,Baltimore Ravens,13,3,19,283,140,143,NaN,17,324,126,198,2,2.64,7.94,0.26
16,browns,Sat,24-Dec,1:00PM ET,boxscore,L,NaN,9-Jun,NaN,New Orleans Saints,10,17,15,249,125,124,1,14,244,92,152,1,-12.78,4.01,2.04
17,browns,Sun,1-Jan,1:00PM ET,boxscore,W,NaN,9-Jul,@,Washington Commanders,24,10,16,301,155,146,NaN,17,260,124,136,3,7.26,7.5,-0.54
18,browns,Sun,8-Jan,1:00PM ET,boxscore,L,NaN,10-Jul,@,Pittsburgh Steelers,14,28,18,307,173,134,2,23,333,189,144,1,3.47,-10.81,-2.18
1,buccaneers,Sun,11-Sep,8:20PM ET,boxscore,W,NaN,Jan-00,@,Dallas Cowboys,19,3,18,347,195,152,1,12,244,173,71,1,0.55,19.4,-2.24
2,buccaneers,Sun,18-Sep,1:00PM ET,boxscore,W,NaN,Feb-00,@,New Orleans Saints,20,10,13,260,188,72,1,18,308,208,100,5,-9.2,18.41,2.71
3,buccaneers,Sun,25-Sep,4:25PM ET,boxscore,L,NaN,1-Feb,NaN,Green Bay Packers,12,14,19,285,251,34,2,14,315,248,67,2,-9.14,4.08,0.3
4,buccaneers,Sun,2-Oct,8:20PM ET,boxscore,L,NaN,2-Feb,NaN,Kansas City Chiefs,31,41,27,376,373,3,2,27,417,228,189,1,14.15,-17.12,-5.33
5,buccaneers,Sun,9-Oct,1:00PM ET,boxscore,W,NaN,2-Mar,NaN,Atlanta Falcons,21,15,26,420,351,69,NaN,19,261,110,151,NaN,13.3,-3.9,-1.34
6,buccaneers,Sun,16-Oct,1:00PM ET,boxscore,L,NaN,3-Mar,@,Pittsburgh Steelers,18,20,20,304,229,75,NaN,15,270,193,77,NaN,0.17,-2.61,-2.77
7,buccaneers,Sun,23-Oct,1:00PM ET,boxscore,L,NaN,4-Mar,@,Carolina Panthers,3,21,17,322,276,46,NaN,14,343,170,173,NaN,-5.31,-7.39,-3.31
8,buccaneers,Thu,27-Oct,8:15PM ET,boxscore,L,NaN,5-Mar,NaN,Baltimore Ravens,22,27,20,349,305,44,1,27,453,222,231,NaN,8.68,-11.24,-6.73
9,buccaneers,Sun,6-Nov,4:25PM ET,boxscore,W,NaN,5-Apr,NaN,Los Angeles Rams,16,13,18,323,272,51,NaN,9,206,138,68,NaN,-8.87,10.99,1.37
10,buccaneers,Sun,13-Nov,9:30AM ET,boxscore,W,NaN,5-May,NaN,Seattle Seahawks,21,16,26,419,258,161,2,19,283,244,39,1,13.2,0.15,-7.78
11,buccaneers,NaN,NaN,NaN,NaN,NaN,NaN,NaN,NaN,Bye Week,NaN,NaN,NaN,NaN,NaN,NaN,NaN,NaN,NaN,NaN,NaN,NaN,NaN,NaN,NaN
12,buccaneers,Sun,27-Nov,1:00PM ET,boxscore,L,OT,6-May,@,Cleveland Browns,17,23,16,325,229,96,NaN,22,367,178,189,1,-1.81,-2.41,-1.78
13,buccaneers,Mon,5-Dec,8:15PM ET,boxscore,W,NaN,6-Jun,NaN,New Orleans Saints,17,16,25,350,274,76,2,14,298,232,66,NaN,2.62,0.04,-2.46
14,buccaneers,Sun,11-Dec,4:25PM ET,boxscore,L,NaN,7-Jun,@,San Francisco 49ers,7,35,18,322,253,69,3,24,404,195,209,1,-13.41,-18.39,0.43
15,buccaneers,Sun,18-Dec,4:25PM ET,boxscore,L,NaN,8-Jun,NaN,Cincinnati Bengals,23,34,25,396,304,92,4,20,237,184,53,1,-1.98,-1.78,-7.2
16,buccaneers,Sun,25-Dec,8:20PM ET,boxscore,W,OT,8-Jul,@,Arizona Cardinals,19,16,21,396,281,115,2,16,325,204,121,3,-4.6,13.64,-6.77
17,buccaneers,Sun,1-Jan,1:00PM ET,boxscore,W,NaN,8-Aug,NaN,Carolina Panthers,30,24,25,478,411,67,1,22,400,326,74,3,10.73,-4.36,-6.36
18,buccaneers,Sun,8-Jan,1:00PM ET,boxscore,L,NaN,9-Aug,@,Atlanta Falcons,17,30,12,222,136,86,1,22,382,208,174,1,-6.05,-8.84,1.56
NaN,buccaneers,NaN,Playoffs,NaN,NaN,NaN,NaN,NaN,NaN,NaN,NaN,NaN,NaN,NaN,NaN,NaN,NaN,NaN,NaN,NaN,NaN,NaN,NaN,NaN,NaN
Wild Card,buccaneers,Mon,16-Jan,8:15PM ET,boxscore,L,NaN,10-Aug,NaN,Dallas Cowboys,14,31,24,386,334,52,1,26,425,297,128,NaN,-2,-25.18,9.31
1,cardinals,Sun,11-Sep,4:25PM ET,boxscore,L,NaN,0-1,NaN,Kansas City Chiefs,21,44,18,282,179,103,NaN,33,488,360,128,1,2.29,-33.41,6.88
2,cardinals,Sun,18-Sep,4:25PM ET,boxscore,W,OT,1-Jan,@,Las Vegas Raiders,29,23,28,413,270,143,1,20,324,244,80,1,12,-4.86,1.75
3,cardinals,Sun,25-Sep,4:25PM ET,boxscore,L,NaN,2-Jan,NaN,Los Angeles Rams,12,20,23,365,295,70,NaN,15,339,239,100,1,0.8,-5.31,-5.72
4,cardinals,Sun,2-Oct,4:05PM ET,boxscore,W,NaN,2-Feb,@,Carolina Panthers,26,16,20,338,206,132,1,11,220,180,40,3,-6.14,19.54,-1.9
5,cardinals,Sun,9-Oct,4:25PM ET,boxscore,L,NaN,3-Feb,NaN,Philadelphia Eagles,17,20,23,363,239,124,1,24,357,218,139,NaN,12.33,-10.63,-5.16
6,cardinals,Sun,16-Oct,4:05PM ET,boxscore,L,NaN,4-Feb,@,Seattle Seahawks,9,19,15,315,171,144,2,19,296,160,136,1,-14.01,8.22,-5.25
7,cardinals,Thu,20-Oct,8:15PM ET,boxscore,W,NaN,4-Mar,NaN,New Orleans Saints,42,34,21,326,189,137,NaN,25,494,409,85,3,13.74,-5.93,1.75
8,cardinals,Sun,30-Oct,1:00PM ET,boxscore,L,NaN,5-Mar,@,Minnesota Vikings,26,34,25,375,297,78,3,25,381,208,173,1,2.87,-10.22,-3.71
9,cardinals,Sun,6-Nov,4:05PM ET,boxscore,L,NaN,6-Mar,NaN,Seattle Seahawks,21,31,15,262,140,122,1,27,421,263,158,1,-5.02,-10.67,-0.9
10,cardinals,Sun,13-Nov,4:25PM ET,boxscore,W,NaN,6-Apr,@,Los Angeles Rams,27,17,18,298,220,78,NaN,18,256,190,66,2,5.83,5.36,-0.48
11,cardinals,Mon,21-Nov,8:15PM ET,boxscore,L,NaN,7-Apr,NaN,San Francisco 49ers,10,38,19,314,247,67,2,21,387,228,159,NaN,-9.44,-20.26,1.43
12,cardinals,Sun,27-Nov,4:05PM ET,boxscore,L,NaN,8-Apr,NaN,Los Angeles Chargers,24,25,20,366,185,181,2,22,311,246,65,NaN,7.69,-6.53,-1.25
13,cardinals,NaN,NaN,NaN,NaN,NaN,NaN,NaN,NaN,Bye Week,NaN,NaN,NaN,NaN,NaN,NaN,NaN,NaN,NaN,NaN,NaN,NaN,NaN,NaN,NaN
14,cardinals,Mon,12-Dec,8:15PM ET,boxscore,L,NaN,9-Apr,NaN,New England Patriots,13,27,19,323,210,113,2,18,328,225,103,1,-17.43,0.47,0.9
15,cardinals,Sun,18-Dec,4:05PM ET,boxscore,L,NaN,10-Apr,@,Denver Broncos,15,24,13,240,167,73,3,23,324,156,168,2,-19.01,0.79,6.6
16,cardinals,Sun,25-Dec,8:20PM ET,boxscore,L,OT,11-Apr,NaN,Tampa Bay Buccaneers,16,19,16,325,204,121,3,21,396,281,115,2,-13.64,4.6,6.77
17,cardinals,Sun,1-Jan,1:00PM ET,boxscore,L,NaN,12-Apr,@,Atlanta Falcons,19,20,22,339,213,126,NaN,20,298,166,132,1,6.1,-3.27,-5.1
18,cardinals,Sun,8-Jan,4:25PM ET,boxscore,L,NaN,13-Apr,@,San Francisco 49ers,13,38,11,255,194,61,4,21,311,142,169,NaN,-15.23,-9.62,-0.8
1,chargers,Sun,11-Sep,4:25PM ET,boxscore,W,NaN,Jan-00,NaN,Las Vegas Raiders,24,19,18,355,279,76,NaN,18,320,256,64,3,6.3,2.73,-1.95
2,chargers,Thu,15-Sep,8:15PM ET,boxscore,L,NaN,1-Jan,@,Kansas City Chiefs,24,27,21,401,326,75,1,15,319,226,93,NaN,4.12,-5.54,-3.72
3,chargers,Sun,25-Sep,4:05PM ET,boxscore,L,NaN,2-Jan,NaN,Jacksonville Jaguars,10,38,16,312,286,26,2,25,413,262,151,NaN,-10.35,-18.06,2.6
4,chargers,Sun,2-Oct,1:00PM ET,boxscore,W,NaN,2-Feb,@,Houston Texans,34,24,22,419,338,81,1,16,346,215,131,2,15.96,-2.14,-4.62
5,chargers,Sun,9-Oct,1:00PM ET,boxscore,W,NaN,2-Mar,@,Cleveland Browns,30,28,26,465,227,238,NaN,27,443,230,213,1,16.01,-16.53,4.92
6,chargers,Mon,17-Oct,8:15PM ET,boxscore,W,OT,2-Apr,NaN,Denver Broncos,19,16,24,297,224,73,1,13,258,160,98,1,-1.03,3.11,0.92
7,chargers,Sun,23-Oct,4:25PM ET,boxscore,L,NaN,3-Apr,NaN,Seattle Seahawks,23,37,21,329,276,53,2,24,404,191,213,2,-4.6,-12.13,1.1
8,chargers,NaN,NaN,NaN,NaN,NaN,NaN,NaN,NaN,Bye Week,NaN,NaN,NaN,NaN,NaN,NaN,NaN,NaN,NaN,NaN,NaN,NaN,NaN,NaN,NaN
9,chargers,Sun,6-Nov,1:00PM ET,boxscore,W,NaN,3-May,@,Atlanta Falcons,20,17,19,336,245,91,2,19,315,114,201,2,5.12,-1.74,-0.66
10,chargers,Sun,13-Nov,8:20PM ET,boxscore,L,NaN,4-May,@,San Francisco 49ers,16,22,12,238,187,51,1,22,387,230,157,1,-7.29,-6.2,5.38
11,chargers,Sun,20-Nov,8:20PM ET,boxscore,L,NaN,5-May,NaN,Kansas City Chiefs,27,30,22,365,250,115,2,23,485,322,163,1,8.61,-19.64,2.61
12,chargers,Sun,27-Nov,4:05PM ET,boxscore,W,NaN,5-Jun,@,Arizona Cardinals,25,24,22,311,246,65,NaN,20,366,185,181,2,6.53,-7.69,1.25
13,chargers,Sun,4-Dec,4:25PM ET,boxscore,L,NaN,6-Jun,@,Las Vegas Raiders,20,27,22,386,314,72,1,21,404,250,154,2,0.15,-5.34,1.56
14,chargers,Sun,11-Dec,8:20PM ET,boxscore,W,NaN,6-Jul,NaN,Miami Dolphins,23,17,24,432,350,82,NaN,14,219,127,92,NaN,9.39,-1.14,-1.98
15,chargers,Sun,18-Dec,4:25PM ET,boxscore,W,NaN,6-Aug,NaN,Tennessee Titans,17,14,23,365,291,74,2,17,284,157,127,1,1.7,2.21,-1.72
16,chargers,Mon,26-Dec,8:15PM ET,boxscore,W,NaN,6-Sep,@,Indianapolis Colts,20,3,17,314,213,101,2,10,173,104,69,3,-2.36,22.57,-3.6
17,chargers,Sun,1-Jan,4:25PM ET,boxscore,W,NaN,6-Oct,NaN,Los Angeles Rams,31,10,22,431,239,192,NaN,12,277,111,166,1,21.57,0.47,-0.25
18,chargers,Sun,8-Jan,4:25PM ET,boxscore,L,NaN,7-Oct,@,Denver Broncos,28,31,21,352,293,59,2,22,471,266,205,2,2.63,-16.37,8.58
NaN,chargers,NaN,Playoffs,NaN,NaN,NaN,NaN,NaN,NaN,NaN,NaN,NaN,NaN,NaN,NaN,NaN,NaN,NaN,NaN,NaN,NaN,NaN,NaN,NaN,NaN
Wild Card,chargers,Sat,14-Jan,8:15PM ET,boxscore,L,NaN,8-Oct,@,Jacksonville Jaguars,30,31,18,320,253,67,NaN,24,390,273,117,5,3.29,-3.13,-0.98
1,chiefs,Sun,11-Sep,4:25PM ET,boxscore,W,NaN,Jan-00,@,Arizona Cardinals,44,21,33,488,360,128,1,18,282,179,103,NaN,33.41,-2.29,-6.88
2,chiefs,Thu,15-Sep,8:15PM ET,boxscore,W,NaN,Feb-00,NaN,Los Angeles Chargers,27,24,15,319,226,93,NaN,21,401,326,75,1,5.54,-4.12,3.72
3,chiefs,Sun,25-Sep,1:00PM ET,boxscore,L,NaN,1-Feb,@,Indianapolis Colts,17,20,20,315,257,58,2,19,259,177,82,1,1.78,7.1,-13.31
4,chiefs,Sun,2-Oct,8:20PM ET,boxscore,W,NaN,1-Mar,@,Tampa Bay Buccaneers,41,31,27,417,228,189,1,27,376,373,3,2,17.12,-14.15,5.33
5,chiefs,Mon,10-Oct,8:15PM ET,boxscore,W,NaN,1-Apr,NaN,Las Vegas Raiders,30,29,29,368,265,103,NaN,18,378,223,155,NaN,14.21,-11.65,0.35
6,chiefs,Sun,16-Oct,4:25PM ET,boxscore,L,NaN,2-Apr,NaN,Buffalo Bills,20,24,23,387,319,68,2,26,443,318,125,1,6.45,-11.13,-0.56
7,chiefs,Sun,23-Oct,4:25PM ET,boxscore,W,NaN,2-May,@,San Francisco 49ers,44,23,24,529,417,112,2,25,444,343,101,3,30.58,-3.59,-8.5
8,chiefs,NaN,NaN,NaN,NaN,NaN,NaN,NaN,NaN,Bye Week,NaN,NaN,NaN,NaN,NaN,NaN,NaN,NaN,NaN,NaN,NaN,NaN,NaN,NaN,NaN
9,chiefs,Sun,6-Nov,8:20PM ET,boxscore,W,OT,2-Jun,NaN,Tennessee Titans,20,17,29,499,422,77,1,9,229,57,172,NaN,5.59,3.85,-5.59
10,chiefs,Sun,13-Nov,1:00PM ET,boxscore,W,NaN,2-Jul,NaN,Jacksonville Jaguars,27,17,26,486,331,155,3,17,315,240,75,NaN,23.27,-3.86,-7.32
11,chiefs,Sun,20-Nov,8:20PM ET,boxscore,W,NaN,2-Aug,@,Los Angeles Chargers,30,27,23,485,322,163,1,22,365,250,115,2,19.64,-8.61,-2.61
12,chiefs,Sun,27-Nov,4:25PM ET,boxscore,W,NaN,2-Sep,NaN,Los Angeles Rams,26,10,29,437,320,117,2,13,198,82,116,2,13.96,9.01,-8.76
13,chiefs,Sun,4-Dec,4:25PM ET,boxscore,L,NaN,3-Sep,@,Cincinnati Bengals,24,27,20,349,211,138,1,26,431,279,152,NaN,16.21,-19.79,-1.75
14,chiefs,Sun,11-Dec,4:20PM ET,boxscore,W,NaN,3-Oct,@,Denver Broncos,34,28,20,431,342,89,3,17,320,214,106,2,7.21,0.63,-0.09
15,chiefs,Sun,18-Dec,1:00PM ET,boxscore,W,OT,3-Nov,@,Houston Texans,30,24,33,502,313,189,2,18,219,125,94,1,13.62,-2.21,-6.34
16,chiefs,Sat,24-Dec,1:00PM ET,boxscore,W,NaN,3-Dec,NaN,Seattle Seahawks,24,10,14,297,220,77,NaN,19,333,200,133,1,3.1,11.64,-2.23
17,chiefs,Sun,1-Jan,1:00PM ET,boxscore,W,NaN,13-3,NaN,Denver Broncos,27,24,22,374,328,46,2,21,307,190,117,2,10.69,2.92,-6.78
18,chiefs,Sat,7-Jan,4:30PM ET,boxscore,W,NaN,14-3,@,Las Vegas Raiders,31,13,21,349,181,168,NaN,21,279,180,99,2,16.83,5.67,-1.37
NaN,chiefs,NaN,Playoffs,NaN,NaN,NaN,NaN,NaN,NaN,NaN,NaN,NaN,NaN,NaN,NaN,NaN,NaN,NaN,NaN,NaN,NaN,NaN,NaN,NaN,NaN
Division,chiefs,Sat,21-Jan,4:30PM ET,boxscore,W,NaN,15-3,NaN,Jacksonville Jaguars,27,20,23,362,218,144,NaN,20,349,205,144,2,13.73,-4.86,-0.1
Conf. Champ.,chiefs,Sun,29-Jan,6:30PM ET,boxscore,W,NaN,16-3,NaN,Cincinnati Bengals,23,20,23,357,315,42,1,18,309,238,71,2,8.86,-4.06,-3.07
SuperBowl,chiefs,Sun,12-Feb,6:30PM ET,boxscore,W,NaN,17-3,N,Philadelphia Eagles,38,35,21,340,182,158,NaN,25,417,302,115,1,19.2,-16.09,0.1
1,colts,Sun,11-Sep,1:00PM ET,boxscore,T,OT,0-0-1,@,Houston Texans,20,20,33,517,340,177,2,20,299,222,77,1,5.67,2.14,-9.43
2,colts,Sun,18-Sep,1:00PM ET,boxscore,L,NaN,0-1-1,@,Jacksonville Jaguars,0,24,9,218,164,54,3,21,331,235,96,NaN,-20.67,-7.05,3.43
3,colts,Sun,25-Sep,1:00PM ET,boxscore,W,NaN,1/1/2001,NaN,Kansas City Chiefs,20,17,19,259,177,82,1,20,315,257,58,2,-7.1,-1.78,13.31
4,colts,Sun,2-Oct,1:00PM ET,boxscore,L,NaN,1/2/2001,NaN,Tennessee Titans,17,24,21,365,327,38,3,19,243,116,127,NaN,3.36,-5.33,-6.98
5,colts,Thu,6-Oct,8:15PM ET,boxscore,W,OT,2/2/2001,@,Denver Broncos,12,9,19,306,200,106,2,18,375,250,125,2,-14.91,11.36,7.4
6,colts,Sun,16-Oct,1:00PM ET,boxscore,W,NaN,3/2/2001,NaN,Jacksonville Jaguars,34,27,29,434,389,45,NaN,25,379,136,243,1,21.98,-16.47,3.81
7,colts,Sun,23-Oct,1:00PM ET,boxscore,L,NaN,3/3/2001,@,Tennessee Titans,10,19,17,292,227,65,3,16,254,116,138,1,-12.48,4.47,-2.52
8,colts,Sun,30-Oct,4:25PM ET,boxscore,L,NaN,3/4/2001,NaN,Washington Commanders,16,17,15,324,189,135,2,20,362,266,96,1,-0.42,-2.38,2.42
9,colts,Sun,6-Nov,1:00PM ET,boxscore,L,NaN,3/5/2001,@,New England Patriots,3,26,8,121,43,78,1,11,203,133,70,1,-31.93,9.55,1.05
10,colts,Sun,13-Nov,4:05PM ET,boxscore,W,NaN,4/5/2001,@,Las Vegas Raiders,25,20,20,415,208,207,1,18,309,232,77,NaN,10.87,0.17,-8.65
11,colts,Sun,20-Nov,1:00PM ET,boxscore,L,NaN,4/6/2001,NaN,Philadelphia Eagles,16,17,14,284,185,99,1,18,314,173,141,2,-9.33,3.73,1.97
12,colts,Mon,28-Nov,8:15PM ET,boxscore,L,NaN,4/7/2001,NaN,Pittsburgh Steelers,17,24,19,290,180,110,2,22,323,151,172,NaN,-3.22,-7.95,7.37
13,colts,Sun,4-Dec,8:20PM ET,boxscore,L,NaN,4/8/2001,@,Dallas Cowboys,19,54,18,309,203,106,5,23,385,165,220,1,-16.86,-22.27,4.5
14,colts,NaN,NaN,NaN,NaN,NaN,NaN,NaN,NaN,Bye Week,NaN,NaN,NaN,NaN,NaN,NaN,NaN,NaN,NaN,NaN,NaN,NaN,NaN,NaN,NaN
15,colts,Sat,17-Dec,1:00PM ET,boxscore,L,OT,4/9/2001,@,Minnesota Vikings,36,39,20,341,170,171,1,32,518,426,92,3,-10.7,-4.19,12.83
16,colts,Mon,26-Dec,8:15PM ET,boxscore,L,NaN,4/10/2001,NaN,Los Angeles Chargers,3,20,10,173,104,69,3,17,314,213,101,2,-22.57,2.36,3.6
17,colts,Sun,1-Jan,1:00PM ET,boxscore,L,NaN,4/11/2001,@,New York Giants,10,38,14,252,124,128,1,26,394,177,217,1,-5.92,-17.59,-2.69
18,colts,Sun,8-Jan,1:00PM ET,boxscore,L,NaN,4/12/2001,NaN,Houston Texans,31,32,25,398,202,196,3,18,360,301,59,3,3.77,0.16,-3.89
1,commanders,Sun,11-Sep,1:00PM ET,boxscore,W,NaN,Jan-00,NaN,Jacksonville Jaguars,28,22,26,390,305,85,3,24,383,260,123,1,9.54,-3.64,0.26
2,commanders,Sun,18-Sep,1:00PM ET,boxscore,L,NaN,1-Jan,@,Detroit Lions,27,36,21,396,308,88,1,17,425,234,191,NaN,5.79,-7.13,-10.29
3,commanders,Sun,25-Sep,1:00PM ET,boxscore,L,NaN,2-Jan,NaN,Philadelphia Eagles,8,24,20,240,153,87,1,21,400,328,72,NaN,-18.29,-9.65,8.92
4,commanders,Sun,2-Oct,1:00PM ET,boxscore,L,NaN,3-Jan,@,Dallas Cowboys,10,25,17,297,155,142,2,15,279,217,62,NaN,-13.42,-4.19,3.3
5,commanders,Sun,9-Oct,1:00PM ET,boxscore,L,NaN,4-Jan,NaN,Tennessee Titans,17,21,17,385,342,43,1,15,241,136,105,NaN,1.03,-0.25,-3.63
6,commanders,Thu,13-Oct,8:15PM ET,boxscore,W,NaN,4-Feb,@,Chicago Bears,12,7,14,214,86,128,NaN,20,391,154,237,2,-7.28,2.22,6.24
7,commanders,Sun,23-Oct,1:00PM ET,boxscore,W,NaN,4-Mar,NaN,Green Bay Packers,23,21,22,364,198,166,1,16,232,194,38,1,0.7,-1.83,0.57
8,commanders,Sun,30-Oct,4:25PM ET,boxscore,W,NaN,4-Apr,@,Indianapolis Colts,17,16,20,362,266,96,1,15,324,189,135,2,2.38,0.42,-2.42
9,commanders,Sun,6-Nov,1:00PM ET,boxscore,L,NaN,5-Apr,NaN,Minnesota Vikings,17,20,18,263,126,137,1,17,301,245,56,1,-1.76,2.12,-2.55
10,commanders,Mon,14-Nov,8:15PM ET,boxscore,W,NaN,5-May,@,Philadelphia Eagles,32,21,25,330,178,152,2,18,264,170,94,4,4.13,1.89,5.98
11,commanders,Sun,20-Nov,1:00PM ET,boxscore,W,NaN,5-Jun,@,Houston Texans,23,10,20,344,191,153,NaN,11,148,127,21,2,4.31,15.79,-2.12
12,commanders,Sun,27-Nov,1:00PM ET,boxscore,W,NaN,5-Jul,NaN,Atlanta Falcons,19,13,20,314,138,176,1,18,332,165,167,1,3.96,-1.62,2.06
13,commanders,Sun,4-Dec,1:00PM ET,boxscore,T,OT,7/5/2001,@,New York Giants,20,20,25,411,246,165,1,20,316,182,134,1,2.87,2.71,-5.65
14,commanders,NaN,NaN,NaN,NaN,NaN,NaN,NaN,NaN,Bye Week,NaN,NaN,NaN,NaN,NaN,NaN,NaN,NaN,NaN,NaN,NaN,NaN,NaN,NaN,NaN
15,commanders,Sun,18-Dec,8:15PM ET,boxscore,L,NaN,7/6/2001,NaN,New York Giants,12,20,20,387,228,159,2,19,288,160,128,NaN,-3.08,-0.95,-2.25
16,commanders,Sat,24-Dec,4:05PM ET,boxscore,L,NaN,7/7/2001,@,San Francisco 49ers,20,37,21,349,270,79,2,14,371,218,153,1,-2.45,-9.41,-3.02
17,commanders,Sun,1-Jan,1:00PM ET,boxscore,L,NaN,7/8/2001,NaN,Cleveland Browns,10,24,17,260,124,136,3,16,301,155,146,NaN,-7.5,-7.26,0.54
18,commanders,Sun,8-Jan,4:25PM ET,boxscore,W,NaN,8/8/2001,NaN,Dallas Cowboys,26,6,16,309,158,151,1,10,182,118,64,2,-5.2,28.06,-4.66
1,cowboys,Sun,11-Sep,8:20PM ET,boxscore,L,NaN,0-1,NaN,Tampa Bay Buccaneers,3,19,12,244,173,71,1,18,347,195,152,1,-19.4,-0.55,2.24
2,cowboys,Sun,18-Sep,4:25PM ET,boxscore,W,NaN,1-Jan,NaN,Cincinnati Bengals,20,17,19,337,230,107,1,19,254,165,89,NaN,6.08,-0.76,-1.25
3,cowboys,Mon,26-Sep,8:15PM ET,boxscore,W,NaN,1-Feb,@,New York Giants,23,16,23,391,215,176,NaN,22,336,169,167,1,10.78,0.51,-0.01
4,cowboys,Sun,2-Oct,1:00PM ET,boxscore,W,NaN,1-Mar,NaN,Washington Commanders,25,10,15,279,217,62,NaN,17,297,155,142,2,4.19,13.42,-3.3
5,cowboys,Sun,9-Oct,4:25PM ET,boxscore,W,NaN,1-Apr,@,Los Angeles Rams,22,10,10,239,76,163,NaN,14,323,285,38,3,-8.44,11.11,6.98
6,cowboys,Sun,16-Oct,8:20PM ET,boxscore,L,NaN,2-Apr,@,Philadelphia Eagles,17,26,21,315,181,134,3,22,268,132,136,NaN,-0.04,-7.95,-3.76
7,cowboys,Sun,23-Oct,1:00PM ET,boxscore,W,NaN,2-May,NaN,Detroit Lions,24,6,21,330,191,139,1,18,312,195,117,5,4.39,12.68,1.61
8,cowboys,Sun,30-Oct,1:00PM ET,boxscore,W,NaN,2-Jun,NaN,Chicago Bears,49,29,24,442,242,200,1,22,371,131,240,1,26.47,-1.52,-3.05
9,cowboys,NaN,NaN,NaN,NaN,NaN,NaN,NaN,NaN,Bye Week,NaN,NaN,NaN,NaN,NaN,NaN,NaN,NaN,NaN,NaN,NaN,NaN,NaN,NaN,NaN
10,cowboys,Sun,13-Nov,4:25PM ET,boxscore,L,OT,3-Jun,@,Green Bay Packers,28,31,24,421,262,159,2,20,415,208,207,2,2.81,-17.21,10.13
11,cowboys,Sun,20-Nov,4:25PM ET,boxscore,W,NaN,3-Jul,@,Minnesota Vikings,40,3,23,458,307,151,NaN,16,183,110,73,1,24.31,14.35,-0.94
12,cowboys,Thu,24-Nov,4:30PM ET,boxscore,W,NaN,3-Aug,NaN,New York Giants,28,20,26,430,261,169,2,21,300,210,90,NaN,16.03,-0.13,-6.25
13,cowboys,Sun,4-Dec,8:20PM ET,boxscore,W,NaN,3-Sep,NaN,Indianapolis Colts,54,19,23,385,165,220,1,18,309,203,106,5,22.27,16.86,-4.5
14,cowboys,Sun,11-Dec,1:00PM ET,boxscore,W,NaN,3-Oct,NaN,Houston Texans,27,23,21,404,277,127,3,16,327,213,114,2,1.61,8.28,-6.35
15,cowboys,Sun,18-Dec,1:00PM ET,boxscore,L,OT,4-Oct,@,Jacksonville Jaguars,34,40,24,397,243,154,2,26,503,311,192,3,8.92,-16.24,-0.94
16,cowboys,Sat,24-Dec,4:25PM ET,boxscore,W,NaN,4-Nov,NaN,Philadelphia Eagles,40,34,25,419,304,115,1,25,442,355,87,4,12.39,-7.76,0.74
17,cowboys,Thu,29-Dec,8:15PM ET,boxscore,W,NaN,4-Dec,@,Tennessee Titans,27,13,26,361,274,87,3,17,317,220,97,2,8.93,5.83,-1.28
18,cowboys,Sun,8-Jan,4:25PM ET,boxscore,L,NaN,5-Dec,@,Washington Commanders,6,26,10,182,118,64,2,16,309,158,151,1,-28.06,5.2,4.66
NaN,cowboys,NaN,Playoffs,NaN,NaN,NaN,NaN,NaN,NaN,NaN,NaN,NaN,NaN,NaN,NaN,NaN,NaN,NaN,NaN,NaN,NaN,NaN,NaN,NaN,NaN
Wild Card,cowboys,Mon,16-Jan,8:15PM ET,boxscore,W,NaN,13-5,@,Tampa Bay Buccaneers,31,14,26,425,297,128,NaN,24,386,334,52,1,25.18,2,-9.31
Division,cowboys,Sun,22-Jan,6:30PM ET,boxscore,L,NaN,13-6,@,San Francisco 49ers,12,19,15,282,206,76,2,21,312,199,113,1,-6.08,-6.35,4.19
1,dolphins,Sun,11-Sep,1:00PM ET,boxscore,W,NaN,Jan-00,NaN,New England Patriots,20,7,18,307,242,65,NaN,17,271,193,78,3,6.08,8.28,1.98
2,dolphins,Sun,18-Sep,1:00PM ET,boxscore,W,NaN,Feb-00,@,Baltimore Ravens,42,38,27,547,461,86,2,23,473,318,155,NaN,32,-20.31,-7.09
3,dolphins,Sun,25-Sep,1:00PM ET,boxscore,W,NaN,Mar-00,NaN,Buffalo Bills,21,19,15,212,171,41,NaN,31,497,382,115,1,7.45,-15.88,4.86
4,dolphins,Thu,29-Sep,8:15PM ET,boxscore,L,NaN,1-Mar,@,Cincinnati Bengals,15,27,20,378,293,85,2,16,371,304,67,NaN,0.48,-9.11,-3.73
5,dolphins,Sun,9-Oct,1:00PM ET,boxscore,L,NaN,2-Mar,@,New York Jets,17,40,19,295,158,137,2,21,322,187,135,NaN,-6.15,-11.86,-3.66
6,dolphins,Sun,16-Oct,1:00PM ET,boxscore,L,NaN,3-Mar,NaN,Minnesota Vikings,16,24,23,458,385,73,3,11,234,156,78,NaN,-8.38,4.43,-4.75
7,dolphins,Sun,23-Oct,8:20PM ET,boxscore,W,NaN,3-Apr,NaN,Pittsburgh Steelers,16,10,17,372,261,111,NaN,19,341,246,95,3,0.04,6.72,-2.49
8,dolphins,Sun,30-Oct,1:00PM ET,boxscore,W,NaN,3-May,@,Detroit Lions,31,27,27,476,369,107,1,22,393,311,82,NaN,25.47,-19.14,-0.59
9,dolphins,Sun,6-Nov,1:00PM ET,boxscore,W,NaN,3-Jun,@,Chicago Bears,35,32,21,379,302,77,NaN,23,368,116,252,NaN,19.83,-17.18,2.01
10,dolphins,Sun,13-Nov,1:00PM ET,boxscore,W,NaN,3-Jul,NaN,Cleveland Browns,39,17,29,491,296,195,NaN,20,297,185,112,1,28.5,1.04,-4.93
11,dolphins,NaN,NaN,NaN,NaN,NaN,NaN,NaN,NaN,Bye Week,NaN,NaN,NaN,NaN,NaN,NaN,NaN,NaN,NaN,NaN,NaN,NaN,NaN,NaN,NaN
12,dolphins,Sun,27-Nov,1:00PM ET,boxscore,W,NaN,3-Aug,NaN,Houston Texans,30,15,25,339,273,66,1,14,210,174,36,3,-1.9,22.74,-3.97
13,dolphins,Sun,4-Dec,4:05PM ET,boxscore,L,NaN,4-Aug,@,San Francisco 49ers,17,33,14,308,275,33,4,24,351,230,121,1,-13.36,-1.78,-1
14,dolphins,Sun,11-Dec,8:20PM ET,boxscore,L,NaN,5-Aug,@,Los Angeles Chargers,17,23,14,219,127,92,NaN,24,432,350,82,NaN,1.14,-9.39,1.98
15,dolphins,Sat,17-Dec,8:15PM ET,boxscore,L,NaN,6-Aug,@,Buffalo Bills,29,32,20,405,217,188,NaN,29,446,296,150,1,10.87,-19.07,4.2
16,dolphins,Sun,25-Dec,1:00PM ET,boxscore,L,NaN,7-Aug,NaN,Green Bay Packers,20,26,15,376,294,82,4,17,301,222,79,1,-2.13,3.46,-6.52
17,dolphins,Sun,1-Jan,1:00PM ET,boxscore,L,NaN,8-Aug,@,New England Patriots,21,23,21,333,247,86,2,14,249,173,76,NaN,-1.36,1.2,-1.03
18,dolphins,Sun,8-Jan,1:00PM ET,boxscore,W,NaN,8-Sep,NaN,New York Jets,11,6,17,302,140,162,NaN,11,187,149,38,NaN,-3.96,7.03,1.31
NaN,dolphins,NaN,Playoffs,NaN,NaN,NaN,NaN,NaN,NaN,NaN,NaN,NaN,NaN,NaN,NaN,NaN,NaN,NaN,NaN,NaN,NaN,NaN,NaN,NaN,NaN
Wild Card,dolphins,Sun,15-Jan,1:00PM ET,boxscore,L,NaN,9-Sep,@,Buffalo Bills,31,34,16,231,189,42,2,25,423,316,107,3,-15.56,2.41,6.64
1,eagles,Sun,11-Sep,1:00PM ET,boxscore,W,NaN,Jan-00,@,Detroit Lions,38,35,27,455,239,216,NaN,23,386,205,181,1,21.15,-15.67,-0.78
2,eagles,Mon,19-Sep,8:30PM ET,boxscore,W,NaN,Feb-00,NaN,Minnesota Vikings,24,7,25,486,323,163,1,20,264,202,62,3,14.26,7.86,-7.37
3,eagles,Sun,25-Sep,1:00PM ET,boxscore,W,NaN,Mar-00,@,Washington Commanders,24,8,21,400,328,72,NaN,20,240,153,87,1,9.65,18.29,-8.92
4,eagles,Sun,2-Oct,1:00PM ET,boxscore,W,NaN,Apr-00,NaN,Jacksonville Jaguars,29,21,25,401,191,210,1,13,219,148,71,5,-0.18,11.06,-1.97
5,eagles,Sun,9-Oct,4:25PM ET,boxscore,W,NaN,May-00,@,Arizona Cardinals,20,17,24,357,218,139,NaN,23,363,239,124,1,10.63,-12.33,5.16
6,eagles,Sun,16-Oct,8:20PM ET,boxscore,W,NaN,Jun-00,NaN,Dallas Cowboys,26,17,22,268,132,136,NaN,21,315,181,134,3,7.95,0.04,3.76
7,eagles,NaN,NaN,NaN,NaN,NaN,NaN,NaN,NaN,Bye Week,NaN,NaN,NaN,NaN,NaN,NaN,NaN,NaN,NaN,NaN,NaN,NaN,NaN,NaN,NaN
8,eagles,Sun,30-Oct,1:00PM ET,boxscore,W,NaN,Jul-00,NaN,Pittsburgh Steelers,35,13,20,401,290,111,NaN,21,302,158,144,2,23.31,4.96,-2.01
9,eagles,Thu,3-Nov,8:15PM ET,boxscore,W,NaN,Aug-00,@,Houston Texans,29,17,24,360,217,143,1,20,303,135,168,2,17.84,-1.89,-2.38
10,eagles,Mon,14-Nov,8:15PM ET,boxscore,L,NaN,1-Aug,NaN,Washington Commanders,21,32,18,264,170,94,4,25,330,178,152,2,-1.89,-4.13,-5.98
11,eagles,Sun,20-Nov,1:00PM ET,boxscore,W,NaN,1-Sep,@,Indianapolis Colts,17,16,18,314,173,141,2,14,284,185,99,1,-3.73,9.33,-1.97
12,eagles,Sun,27-Nov,8:20PM ET,boxscore,W,NaN,1-Oct,NaN,Green Bay Packers,40,33,29,500,137,363,1,19,342,236,106,2,20.82,-11.56,0.51
13,eagles,Sun,4-Dec,1:00PM ET,boxscore,W,NaN,1-Nov,NaN,Tennessee Titans,35,10,26,453,386,67,NaN,11,209,122,87,NaN,25.58,8.95,-6.75
14,eagles,Sun,11-Dec,1:00PM ET,boxscore,W,NaN,1-Dec,@,New York Giants,48,22,27,437,184,253,NaN,18,304,181,123,1,28.9,1.45,-1.98
15,eagles,Sun,18-Dec,1:00PM ET,boxscore,W,NaN,13-1,@,Chicago Bears,25,20,20,421,309,112,3,15,248,91,157,1,5.25,6.32,-2.12
16,eagles,Sat,24-Dec,4:25PM ET,boxscore,L,NaN,13-2,@,Dallas Cowboys,34,40,25,442,355,87,4,25,419,304,115,1,7.76,-12.39,-0.74
17,eagles,Sun,1-Jan,1:00PM ET,boxscore,L,NaN,13-3,NaN,New Orleans Saints,10,20,11,313,246,67,1,19,313,184,129,1,-12.38,2.95,-0.32
18,eagles,Sun,8-Jan,4:25PM ET,boxscore,W,NaN,14-3,NaN,New York Giants,22,16,23,342,207,135,1,18,284,155,129,NaN,0.69,1.86,4.64
NaN,eagles,NaN,Playoffs,NaN,NaN,NaN,NaN,NaN,NaN,NaN,NaN,NaN,NaN,NaN,NaN,NaN,NaN,NaN,NaN,NaN,NaN,NaN,NaN,NaN,NaN
Division,eagles,Sat,21-Jan,8:15PM ET,boxscore,W,NaN,15-3,NaN,New York Giants,38,7,26,416,148,268,NaN,13,227,109,118,1,23.74,9.27,-4.67
Conf. Champ.,eagles,Sun,29-Jan,3:00PM ET,boxscore,W,NaN,16-3,NaN,San Francisco 49ers,31,7,25,269,121,148,NaN,11,164,83,81,3,11.52,15.56,-2.56
SuperBowl,eagles,Sun,12-Feb,6:30PM ET,boxscore,L,NaN,16-4,N,Kansas City Chiefs,35,38,25,417,302,115,1,21,340,182,158,NaN,16.09,-19.2,-0.1
1,falcons,Sun,11-Sep,1:00PM ET,boxscore,L,NaN,0-1,NaN,New Orleans Saints,26,27,26,416,215,201,2,18,385,234,151,1,7.5,-4.62,0.51
2,falcons,Sun,18-Sep,4:05PM ET,boxscore,L,NaN,0-2,@,Los Angeles Rams,27,31,17,261,171,90,3,24,337,272,65,3,-3.49,-8.46,8.11
3,falcons,Sun,25-Sep,4:25PM ET,boxscore,W,NaN,2-Jan,@,Seattle Seahawks,27,23,24,386,207,179,2,23,420,308,112,1,20.84,-15.09,1.2
4,falcons,Sun,2-Oct,1:00PM ET,boxscore,W,NaN,2-Feb,NaN,Cleveland Browns,23,20,19,333,131,202,1,22,403,226,177,2,5.92,-5.25,1.44
5,falcons,Sun,9-Oct,1:00PM ET,boxscore,L,NaN,3-Feb,@,Tampa Bay Buccaneers,15,21,19,261,110,151,NaN,26,420,351,69,NaN,3.9,-13.3,1.34
6,falcons,Sun,16-Oct,1:00PM ET,boxscore,W,NaN,3-Mar,NaN,San Francisco 49ers,28,14,18,289,121,168,NaN,21,346,296,50,3,11.56,-0.59,-1.69
7,falcons,Sun,23-Oct,1:00PM ET,boxscore,L,NaN,4-Mar,@,Cincinnati Bengals,17,35,13,214,107,107,NaN,29,537,459,78,NaN,3.19,-33.05,6.33
8,falcons,Sun,30-Oct,1:00PM ET,boxscore,W,OT,4-Apr,NaN,Carolina Panthers,37,34,21,406,239,167,2,23,478,309,169,1,9.4,-9.83,1.64
9,falcons,Sun,6-Nov,1:00PM ET,boxscore,L,NaN,5-Apr,NaN,Los Angeles Chargers,17,20,19,315,114,201,2,19,336,245,91,2,1.74,-5.12,0.66
10,falcons,Thu,10-Nov,8:15PM ET,boxscore,L,NaN,6-Apr,@,Carolina Panthers,15,25,20,291,153,138,1,18,333,101,232,NaN,-6.14,-2.11,-0.94
11,falcons,Sun,20-Nov,1:00PM ET,boxscore,W,NaN,6-May,NaN,Chicago Bears,27,24,18,280,131,149,2,20,288,128,160,1,4.06,-3.91,5.42
12,falcons,Sun,27-Nov,1:00PM ET,boxscore,L,NaN,7-May,@,Washington Commanders,13,19,18,332,165,167,1,20,314,138,176,1,1.62,-3.96,-2.06
13,falcons,Sun,4-Dec,1:00PM ET,boxscore,L,NaN,8-May,NaN,Pittsburgh Steelers,16,19,18,306,160,146,1,22,351,197,154,NaN,0.33,-9.6,1.33
14,falcons,NaN,NaN,NaN,NaN,NaN,NaN,NaN,NaN,Bye Week,NaN,NaN,NaN,NaN,NaN,NaN,NaN,NaN,NaN,NaN,NaN,NaN,NaN,NaN,NaN
15,falcons,Sun,18-Dec,1:00PM ET,boxscore,L,NaN,9-May,@,New Orleans Saints,18,21,21,320,89,231,1,17,348,214,134,1,8.41,-6.38,-1.86
16,falcons,Sat,24-Dec,1:00PM ET,boxscore,L,NaN,10-May,@,Baltimore Ravens,9,17,17,327,212,115,1,15,299,115,184,NaN,-7.26,-2.18,3.42
17,falcons,Sun,1-Jan,1:00PM ET,boxscore,W,NaN,10-Jun,NaN,Arizona Cardinals,20,19,20,298,166,132,1,22,339,213,126,NaN,3.27,-6.1,5.1
18,falcons,Sun,8-Jan,1:00PM ET,boxscore,W,NaN,10-Jul,NaN,Tampa Bay Buccaneers,30,17,22,382,208,174,1,12,222,136,86,1,8.84,6.05,-1.56
1,giants,Sun,11-Sep,4:25PM ET,boxscore,W,NaN,Jan-00,@,Tennessee Titans,21,20,19,394,156,238,2,19,359,266,93,1,3.72,-5.97,2.44
2,giants,Sun,18-Sep,1:00PM ET,boxscore,W,NaN,Feb-00,NaN,Carolina Panthers,19,16,18,265,162,103,NaN,18,275,129,146,2,-6.2,2.09,6.13
3,giants,Mon,26-Sep,8:15PM ET,boxscore,L,NaN,1-Feb,NaN,Dallas Cowboys,16,23,22,336,169,167,1,23,391,215,176,NaN,-0.51,-10.78,0.01
4,giants,Sun,2-Oct,1:00PM ET,boxscore,W,NaN,1-Mar,NaN,Chicago Bears,20,12,21,333,71,262,2,16,304,155,149,3,9.33,6.69,-7.79
5,giants,Sun,9-Oct,9:30AM ET,boxscore,W,NaN,1-Apr,@,Green Bay Packers,27,22,24,338,213,125,NaN,22,301,207,94,NaN,16.07,-5.67,-4.63
6,giants,Sun,16-Oct,1:00PM ET,boxscore,W,NaN,1-May,NaN,Baltimore Ravens,24,20,18,238,155,83,1,23,406,195,211,2,4.93,-6,8.06
7,giants,Sun,23-Oct,1:00PM ET,boxscore,W,NaN,1-Jun,@,Jacksonville Jaguars,23,17,27,436,200,236,NaN,27,452,310,142,1,17,-14.14,-2.5
8,giants,Sun,30-Oct,4:25PM ET,boxscore,L,NaN,2-Jun,@,Seattle Seahawks,13,27,14,225,147,78,2,19,277,190,87,1,-10.8,2.79,-8.31
9,giants,NaN,NaN,NaN,NaN,NaN,NaN,NaN,NaN,Bye Week,NaN,NaN,NaN,NaN,NaN,NaN,NaN,NaN,NaN,NaN,NaN,NaN,NaN,NaN,NaN
10,giants,Sun,13-Nov,1:00PM ET,boxscore,W,NaN,2-Jul,NaN,Houston Texans,24,16,19,367,176,191,NaN,22,387,286,101,2,10.29,-0.4,-0.41
11,giants,Sun,20-Nov,1:00PM ET,boxscore,L,NaN,3-Jul,NaN,Detroit Lions,18,31,25,413,324,89,3,23,325,165,160,NaN,0.64,-9.36,-7.69
12,giants,Thu,24-Nov,4:30PM ET,boxscore,L,NaN,4-Jul,@,Dallas Cowboys,20,28,21,300,210,90,NaN,26,430,261,169,2,0.13,-16.03,6.25
13,giants,Sun,4-Dec,1:00PM ET,boxscore,T,OT,7/4/2001,NaN,Washington Commanders,20,20,20,316,182,134,1,25,411,246,165,1,-2.71,-2.87,5.65
14,giants,Sun,11-Dec,1:00PM ET,boxscore,L,NaN,7/5/2001,NaN,Philadelphia Eagles,22,48,18,304,181,123,1,27,437,184,253,NaN,-1.45,-28.9,1.98
15,giants,Sun,18-Dec,8:15PM ET,boxscore,W,NaN,8/5/2001,@,Washington Commanders,20,12,19,288,160,128,NaN,20,387,228,159,2,0.95,3.08,2.25
16,giants,Sat,24-Dec,1:00PM ET,boxscore,L,NaN,8/6/2001,@,Minnesota Vikings,24,27,23,445,319,126,2,23,353,270,83,NaN,6.2,-7.38,-3.12
17,giants,Sun,1-Jan,1:00PM ET,boxscore,W,NaN,9/6/2001,NaN,Indianapolis Colts,38,10,26,394,177,217,1,14,252,124,128,1,17.59,5.92,2.69
18,giants,Sun,8-Jan,4:25PM ET,boxscore,L,NaN,9/7/2001,@,Philadelphia Eagles,16,22,18,284,155,129,NaN,23,342,207,135,1,-1.86,-0.69,-4.64
NaN,giants,NaN,Playoffs,NaN,NaN,NaN,NaN,NaN,NaN,NaN,NaN,NaN,NaN,NaN,NaN,NaN,NaN,NaN,NaN,NaN,NaN,NaN,NaN,NaN,NaN
Wild Card,giants,Sun,15-Jan,4:30PM ET,boxscore,W,NaN,10/7/2001,@,Minnesota Vikings,31,24,28,431,289,142,NaN,21,332,271,61,NaN,24,-13.86,-3.74
Division,giants,Sat,21-Jan,8:15PM ET,boxscore,L,NaN,10/8/2001,@,Philadelphia Eagles,7,38,13,227,109,118,1,26,416,148,268,NaN,-9.27,-23.74,4.67
1,jaguars,Sun,11-Sep,1:00PM ET,boxscore,L,NaN,0-1,@,Washington Commanders,22,28,24,383,260,123,1,26,390,305,85,3,3.64,-9.54,-0.26
2,jaguars,Sun,18-Sep,1:00PM ET,boxscore,W,NaN,1-Jan,NaN,Indianapolis Colts,24,0,21,331,235,96,NaN,9,218,164,54,3,7.05,20.67,-3.43
3,jaguars,Sun,25-Sep,4:05PM ET,boxscore,W,NaN,1-Feb,@,Los Angeles Chargers,38,10,25,413,262,151,NaN,16,312,286,26,2,18.06,10.35,-2.6
4,jaguars,Sun,2-Oct,1:00PM ET,boxscore,L,NaN,2-Feb,@,Philadelphia Eagles,21,29,13,219,148,71,5,25,401,191,210,1,-11.06,0.18,1.97
5,jaguars,Sun,9-Oct,1:00PM ET,boxscore,L,NaN,3-Feb,NaN,Houston Texans,6,13,22,422,286,136,2,15,248,132,116,NaN,-2.39,2,-3.89
6,jaguars,Sun,16-Oct,1:00PM ET,boxscore,L,NaN,4-Feb,@,Indianapolis Colts,27,34,25,379,136,243,1,29,434,389,45,NaN,16.47,-21.98,-3.81
7,jaguars,Sun,23-Oct,1:00PM ET,boxscore,L,NaN,5-Feb,NaN,New York Giants,17,23,27,452,310,142,1,27,436,200,236,NaN,14.14,-17,2.5
8,jaguars,Sun,30-Oct,9:30AM ET,boxscore,L,NaN,6-Feb,NaN,Denver Broncos,17,21,24,305,114,191,2,18,331,230,101,1,-1.81,-4.66,-3.24
9,jaguars,Sun,6-Nov,1:00PM ET,boxscore,W,NaN,6-Mar,NaN,Las Vegas Raiders,27,20,22,403,235,168,1,16,321,248,73,1,13.11,0.43,-2.69
10,jaguars,Sun,13-Nov,1:00PM ET,boxscore,L,NaN,7-Mar,@,Kansas City Chiefs,17,27,17,315,240,75,NaN,26,486,331,155,3,3.86,-23.27,7.32
11,jaguars,NaN,NaN,NaN,NaN,NaN,NaN,NaN,NaN,Bye Week,NaN,NaN,NaN,NaN,NaN,NaN,NaN,NaN,NaN,NaN,NaN,NaN,NaN,NaN,NaN
12,jaguars,Sun,27-Nov,1:00PM ET,boxscore,W,NaN,7-Apr,NaN,Baltimore Ravens,28,27,18,332,294,38,1,24,415,253,162,2,5.31,-8.53,1.38
13,jaguars,Sun,4-Dec,1:00PM ET,boxscore,L,NaN,8-Apr,@,Detroit Lions,14,40,14,266,171,95,1,31,437,337,100,NaN,-3.84,-25.2,-0.8
14,jaguars,Sun,11-Dec,1:00PM ET,boxscore,W,NaN,8-May,@,Tennessee Titans,36,22,22,428,368,60,NaN,22,364,227,137,4,13.06,3.01,-3.47
15,jaguars,Sun,18-Dec,1:00PM ET,boxscore,W,OT,8-Jun,NaN,Dallas Cowboys,40,34,26,503,311,192,3,24,397,243,154,2,16.24,-8.92,0.94
16,jaguars,Thu,22-Dec,8:15PM ET,boxscore,W,NaN,8-Jul,@,New York Jets,19,3,19,365,218,147,1,10,227,161,66,2,3,14.15,-5.11
17,jaguars,Sun,1-Jan,1:00PM ET,boxscore,W,NaN,8-Aug,@,Houston Texans,31,3,20,337,168,169,2,13,277,193,84,1,4.68,23.38,-4.1
18,jaguars,Sat,7-Jan,8:15PM ET,boxscore,W,NaN,8-Sep,NaN,Tennessee Titans,20,16,13,222,203,19,1,19,312,165,147,2,-4.3,9.68,-1.28
NaN,jaguars,NaN,Playoffs,NaN,NaN,NaN,NaN,NaN,NaN,NaN,NaN,NaN,NaN,NaN,NaN,NaN,NaN,NaN,NaN,NaN,NaN,NaN,NaN,NaN,NaN
Wild Card,jaguars,Sat,14-Jan,8:15PM ET,boxscore,W,NaN,8-Oct,NaN,Los Angeles Chargers,31,30,24,390,273,117,5,18,320,253,67,NaN,3.13,-3.29,0.98
Division,jaguars,Sat,21-Jan,4:30PM ET,boxscore,L,NaN,9-Oct,@,Kansas City Chiefs,20,27,20,349,205,144,2,23,362,218,144,NaN,4.86,-13.73,0.1
1,jets,Sun,11-Sep,1:00PM ET,boxscore,L,NaN,0-1,NaN,Baltimore Ravens,9,24,24,380,297,83,2,13,274,211,63,1,-8.07,-3.65,-5.04
2,jets,Sun,18-Sep,1:00PM ET,boxscore,W,NaN,1-Jan,@,Cleveland Browns,31,30,20,402,309,93,1,29,405,221,184,1,15.19,-17.92,5.38
3,jets,Sun,25-Sep,1:00PM ET,boxscore,L,NaN,2-Jan,NaN,Cincinnati Bengals,12,27,19,328,252,76,4,20,330,261,69,1,-16.45,-3.99,6.98
4,jets,Sun,2-Oct,1:00PM ET,boxscore,W,NaN,2-Feb,@,Pittsburgh Steelers,24,20,19,348,250,98,2,20,297,178,119,4,-1.46,2.55,2.91
5,jets,Sun,9-Oct,1:00PM ET,boxscore,W,NaN,2-Mar,NaN,Miami Dolphins,40,17,21,322,187,135,NaN,19,295,158,137,2,11.86,6.15,3.66
6,jets,Sun,16-Oct,1:00PM ET,boxscore,W,NaN,2-Apr,@,Green Bay Packers,27,10,14,278,99,179,NaN,15,278,218,60,1,-2.59,16.24,4.32
7,jets,Sun,23-Oct,4:05PM ET,boxscore,W,NaN,2-May,@,Denver Broncos,16,9,10,260,105,155,NaN,21,324,219,105,1,-8.14,8.53,8.12
8,jets,Sun,30-Oct,1:00PM ET,boxscore,L,NaN,3-May,NaN,New England Patriots,17,22,17,387,336,51,3,19,288,161,127,1,-2.3,9.31,-12.01
9,jets,Sun,6-Nov,1:00PM ET,boxscore,W,NaN,3-Jun,NaN,Buffalo Bills,20,17,21,310,136,174,1,19,317,183,134,2,7.64,-0.54,-2.11
10,jets,NaN,NaN,NaN,NaN,NaN,NaN,NaN,NaN,Bye Week,NaN,NaN,NaN,NaN,NaN,NaN,NaN,NaN,NaN,NaN,NaN,NaN,NaN,NaN,NaN
11,jets,Sun,20-Nov,1:00PM ET,boxscore,L,NaN,4-Jun,@,New England Patriots,3,10,6,103,44,59,NaN,13,297,198,99,NaN,-18.64,9.78,5.4
12,jets,Sun,27-Nov,1:00PM ET,boxscore,W,NaN,4-Jul,NaN,Chicago Bears,31,10,22,466,308,158,NaN,14,292,165,127,1,20.96,3.97,-3.63
13,jets,Sun,4-Dec,1:00PM ET,boxscore,L,NaN,5-Jul,@,Minnesota Vikings,22,27,23,486,366,120,2,21,287,159,128,NaN,1.01,-5.08,-0.01
14,jets,Sun,11-Dec,1:00PM ET,boxscore,L,NaN,6-Jul,@,Buffalo Bills,12,20,19,309,233,76,2,14,232,130,102,NaN,-12.35,5.17,-3.77
15,jets,Sun,18-Dec,1:00PM ET,boxscore,L,NaN,7-Jul,NaN,Detroit Lions,17,20,18,337,287,50,1,17,359,252,107,NaN,3.71,-2.21,-2.44
16,jets,Thu,22-Dec,8:15PM ET,boxscore,L,NaN,8-Jul,NaN,Jacksonville Jaguars,3,19,10,227,161,66,2,19,365,218,147,1,-14.15,-3,5.11
17,jets,Sun,1-Jan,4:05PM ET,boxscore,L,NaN,9-Jul,@,Seattle Seahawks,6,23,20,279,204,75,3,20,346,148,198,NaN,-16.78,-3.31,4.05
18,jets,Sun,8-Jan,1:00PM ET,boxscore,L,NaN,10-Jul,@,Miami Dolphins,6,11,11,187,149,38,NaN,17,302,140,162,NaN,-7.03,3.96,-1.31
1,lions,Sun,11-Sep,1:00PM ET,boxscore,L,NaN,0-1,NaN,Philadelphia Eagles,35,38,23,386,205,181,1,27,455,239,216,NaN,15.67,-21.15,0.78
2,lions,Sun,18-Sep,1:00PM ET,boxscore,W,NaN,1-Jan,NaN,Washington Commanders,36,27,17,425,234,191,NaN,21,396,308,88,1,7.13,-5.79,10.29
3,lions,Sun,25-Sep,1:00PM ET,boxscore,L,NaN,2-Jan,@,Minnesota Vikings,24,28,23,416,277,139,1,30,373,250,123,1,8.25,-11.58,-1.93
4,lions,Sun,2-Oct,1:00PM ET,boxscore,L,NaN,3-Jan,NaN,Seattle Seahawks,45,48,27,520,375,145,2,27,555,320,235,1,22.12,-32.93,3.99
5,lions,Sun,9-Oct,1:00PM ET,boxscore,L,NaN,4-Jan,@,New England Patriots,0,29,17,312,211,101,2,22,364,188,176,1,-22.04,-10.08,3.38
6,lions,NaN,NaN,NaN,NaN,NaN,NaN,NaN,NaN,Bye Week,NaN,NaN,NaN,NaN,NaN,NaN,NaN,NaN,NaN,NaN,NaN,NaN,NaN,NaN,NaN
7,lions,Sun,23-Oct,1:00PM ET,boxscore,L,NaN,5-Jan,@,Dallas Cowboys,6,24,18,312,195,117,5,21,330,191,139,1,-12.68,-4.39,-1.61
8,lions,Sun,30-Oct,1:00PM ET,boxscore,L,NaN,6-Jan,NaN,Miami Dolphins,27,31,22,393,311,82,NaN,27,476,369,107,1,19.14,-25.47,0.59
9,lions,Sun,6-Nov,1:00PM ET,boxscore,W,NaN,6-Feb,NaN,Green Bay Packers,15,9,19,254,137,117,1,19,389,283,106,3,-1.35,5.25,2.44
10,lions,Sun,13-Nov,1:00PM ET,boxscore,W,NaN,6-Mar,@,Chicago Bears,31,30,25,323,228,95,NaN,19,408,150,258,1,13.55,-9.38,2.09
11,lions,Sun,20-Nov,1:00PM ET,boxscore,W,NaN,6-Apr,@,New York Giants,31,18,23,325,165,160,NaN,25,413,324,89,3,9.36,-0.64,7.69
12,lions,Thu,24-Nov,12:30PM ET,boxscore,L,NaN,7-Apr,NaN,Buffalo Bills,25,28,22,326,230,96,2,28,401,237,164,1,12.71,-16.07,3.07
13,lions,Sun,4-Dec,1:00PM ET,boxscore,W,NaN,7-May,NaN,Jacksonville Jaguars,40,14,31,437,337,100,NaN,14,266,171,95,1,25.2,3.84,0.8
14,lions,Sun,11-Dec,1:00PM ET,boxscore,W,NaN,7-Jun,NaN,Minnesota Vikings,34,23,23,464,330,134,NaN,23,416,394,22,2,19.88,-7.96,-0.55
15,lions,Sun,18-Dec,1:00PM ET,boxscore,W,NaN,7-Jul,@,New York Jets,20,17,17,359,252,107,NaN,18,337,287,50,1,2.21,-3.71,2.44
16,lions,Sat,24-Dec,1:00PM ET,boxscore,L,NaN,8-Jul,@,Carolina Panthers,23,37,22,381,336,45,1,30,570,250,320,NaN,9.31,-30.2,3.52
17,lions,Sun,1-Jan,1:00PM ET,boxscore,W,NaN,8-Aug,NaN,Chicago Bears,41,10,26,504,239,265,NaN,9,230,30,200,2,22.92,10.91,-6.73
18,lions,Sun,8-Jan,8:20PM ET,boxscore,W,NaN,8-Sep,@,Green Bay Packers,20,16,21,323,219,104,NaN,17,291,188,103,2,10.66,-0.31,-1.59
1,packers,Sun,11-Sep,4:25PM ET,boxscore,L,NaN,0-1,@,Minnesota Vikings,7,23,21,338,227,111,2,19,395,269,126,NaN,-1.89,-9.99,-1.12
2,packers,Sun,18-Sep,8:20PM ET,boxscore,W,NaN,1-Jan,NaN,Chicago Bears,27,10,26,414,211,203,1,11,228,48,180,1,16.87,4.4,-1.71
3,packers,Sun,25-Sep,4:25PM ET,boxscore,W,NaN,1-Feb,@,Tampa Bay Buccaneers,14,12,14,315,248,67,2,19,285,251,34,2,-4.08,9.14,-0.3
4,packers,Sun,2-Oct,4:25PM ET,boxscore,W,OT,1-Mar,NaN,New England Patriots,27,24,24,443,244,199,2,17,271,104,167,1,5.17,2,-2.64
5,packers,Sun,9-Oct,9:30AM ET,boxscore,L,NaN,2-Mar,NaN,New York Giants,22,27,22,301,207,94,NaN,24,338,213,125,NaN,5.67,-16.07,4.63
6,packers,Sun,16-Oct,1:00PM ET,boxscore,L,NaN,3-Mar,NaN,New York Jets,10,27,15,278,218,60,1,14,278,99,179,NaN,-16.24,2.59,-4.32
7,packers,Sun,23-Oct,1:00PM ET,boxscore,L,NaN,4-Mar,@,Washington Commanders,21,23,16,232,194,38,1,22,364,198,166,1,1.83,-0.7,-0.57
8,packers,Sun,30-Oct,8:20PM ET,boxscore,L,NaN,5-Mar,@,Buffalo Bills,17,27,21,398,190,208,1,20,369,216,153,2,5.55,-12.79,-4.01
9,packers,Sun,6-Nov,1:00PM ET,boxscore,L,NaN,6-Mar,@,Detroit Lions,9,15,19,389,283,106,3,19,254,137,117,1,-5.25,1.35,-2.44
10,packers,Sun,13-Nov,4:25PM ET,boxscore,W,OT,6-Apr,NaN,Dallas Cowboys,31,28,20,415,208,207,2,24,421,262,159,2,17.21,-2.81,-10.13
11,packers,Thu,17-Nov,8:15PM ET,boxscore,L,NaN,7-Apr,NaN,Tennessee Titans,17,27,15,271,215,56,NaN,21,408,320,88,1,-0.61,-15.39,2.77
12,packers,Sun,27-Nov,8:20PM ET,boxscore,L,NaN,8-Apr,@,Philadelphia Eagles,33,40,19,342,236,106,2,29,500,137,363,1,11.56,-20.82,-0.51
13,packers,Sun,4-Dec,1:00PM ET,boxscore,W,NaN,8-May,@,Chicago Bears,28,19,21,357,182,175,NaN,15,409,254,155,3,13.69,-7.73,-0.33
14,packers,NaN,NaN,NaN,NaN,NaN,NaN,NaN,NaN,Bye Week,NaN,NaN,NaN,NaN,NaN,NaN,NaN,NaN,NaN,NaN,NaN,NaN,NaN,NaN,NaN
15,packers,Mon,19-Dec,8:15PM ET,boxscore,W,NaN,8-Jun,NaN,Los Angeles Rams,24,12,27,345,207,138,2,13,156,84,72,1,13.03,1.29,0.81
16,packers,Sun,25-Dec,1:00PM ET,boxscore,W,NaN,8-Jul,@,Miami Dolphins,26,20,17,301,222,79,1,15,376,294,82,4,-3.46,2.13,6.52
17,packers,Sun,1-Jan,4:25PM ET,boxscore,W,NaN,8-Aug,NaN,Minnesota Vikings,41,17,20,315,152,163,NaN,18,346,244,102,4,9.54,10.2,4.19
18,packers,Sun,8-Jan,8:20PM ET,boxscore,L,NaN,9-Aug,NaN,Detroit Lions,16,20,17,291,188,103,2,21,323,219,104,NaN,0.31,-10.66,1.59
1,panthers,Sun,11-Sep,1:00PM ET,boxscore,L,NaN,0-1,NaN,Cleveland Browns,24,26,15,261,207,54,1,23,355,138,217,NaN,5.38,-6.82,-1.66
2,panthers,Sun,18-Sep,1:00PM ET,boxscore,L,NaN,0-2,@,New York Giants,16,19,18,275,129,146,2,18,265,162,103,NaN,-2.09,6.2,-6.13
3,panthers,Sun,25-Sep,1:00PM ET,boxscore,W,NaN,2-Jan,NaN,New Orleans Saints,22,14,12,293,148,145,NaN,19,426,342,84,3,-9.01,4.57,11.38
4,panthers,Sun,2-Oct,4:05PM ET,boxscore,L,NaN,3-Jan,NaN,Arizona Cardinals,16,26,11,220,180,40,3,20,338,206,132,1,-19.54,6.14,1.9
5,panthers,Sun,9-Oct,4:05PM ET,boxscore,L,NaN,4-Jan,NaN,San Francisco 49ers,15,37,15,308,244,64,1,22,397,244,153,1,-13.22,-16.04,7.82
6,panthers,Sun,16-Oct,4:05PM ET,boxscore,L,NaN,5-Jan,@,Los Angeles Rams,10,24,8,203,110,93,1,22,360,249,111,1,-11.74,-3.51,2.53
7,panthers,Sun,23-Oct,1:00PM ET,boxscore,W,NaN,5-Feb,NaN,Tampa Bay Buccaneers,21,3,14,343,170,173,NaN,17,322,276,46,NaN,7.39,5.31,3.31
8,panthers,Sun,30-Oct,1:00PM ET,boxscore,L,OT,6-Feb,@,Atlanta Falcons,34,37,23,478,309,169,1,21,406,239,167,2,9.83,-9.4,-1.64
9,panthers,Sun,6-Nov,1:00PM ET,boxscore,L,NaN,7-Feb,@,Cincinnati Bengals,21,42,13,228,164,64,3,30,464,223,241,NaN,0.37,-30.2,12.97
10,panthers,Thu,10-Nov,8:15PM ET,boxscore,W,NaN,7-Mar,NaN,Atlanta Falcons,25,15,18,333,101,232,NaN,20,291,153,138,1,2.11,6.14,0.94
11,panthers,Sun,20-Nov,1:00PM ET,boxscore,L,NaN,8-Mar,@,Baltimore Ravens,3,13,13,205,169,36,3,19,308,193,115,1,-20.39,5.63,3.58
12,panthers,Sun,27-Nov,1:00PM ET,boxscore,W,NaN,8-Apr,NaN,Denver Broncos,23,10,19,349,164,185,1,14,246,125,121,2,6.49,9.5,-1.36
13,panthers,NaN,NaN,NaN,NaN,NaN,NaN,NaN,NaN,Bye Week,NaN,NaN,NaN,NaN,NaN,NaN,NaN,NaN,NaN,NaN,NaN,NaN,NaN,NaN,NaN
14,panthers,Sun,11-Dec,4:25PM ET,boxscore,W,NaN,8-May,@,Seattle Seahawks,30,24,24,328,105,223,NaN,16,287,241,46,2,9.49,-1.49,0.23
15,panthers,Sun,18-Dec,1:00PM ET,boxscore,L,NaN,9-May,NaN,Pittsburgh Steelers,16,24,12,209,188,21,NaN,22,325,169,156,NaN,3.72,-12.16,-1.58
16,panthers,Sat,24-Dec,1:00PM ET,boxscore,W,NaN,9-Jun,NaN,Detroit Lions,37,23,30,570,250,320,NaN,22,381,336,45,1,30.2,-9.31,-3.52
17,panthers,Sun,1-Jan,1:00PM ET,boxscore,L,NaN,10-Jun,@,Tampa Bay Buccaneers,24,30,22,400,326,74,3,25,478,411,67,1,4.36,-10.73,6.36
18,panthers,Sun,8-Jan,1:00PM ET,boxscore,W,NaN,10-Jul,@,New Orleans Saints,10,7,14,203,32,171,2,16,304,161,143,1,-8.41,4.13,7.85
1,patriots,Sun,11-Sep,1:00PM ET,boxscore,L,NaN,0-1,@,Miami Dolphins,7,20,17,271,193,78,3,18,307,242,65,NaN,-8.28,-6.08,-1.98
2,patriots,Sun,18-Sep,1:00PM ET,boxscore,W,NaN,1-Jan,@,Pittsburgh Steelers,17,14,18,376,252,124,1,16,243,152,91,2,6.14,3.44,-3.25
3,patriots,Sun,25-Sep,1:00PM ET,boxscore,L,NaN,2-Jan,NaN,Baltimore Ravens,26,37,22,447,302,145,4,19,394,206,188,2,3.5,-11.67,-3.18
4,patriots,Sun,2-Oct,4:25PM ET,boxscore,L,OT,3-Jan,@,Green Bay Packers,24,27,17,271,104,167,1,24,443,244,199,2,-2,-5.17,2.64
5,patriots,Sun,9-Oct,1:00PM ET,boxscore,W,NaN,3-Feb,NaN,Detroit Lions,29,0,22,364,188,176,1,17,312,211,101,2,10.08,22.04,-3.38
6,patriots,Sun,16-Oct,1:00PM ET,boxscore,W,NaN,3-Mar,@,Cleveland Browns,38,15,20,399,301,98,1,16,328,258,70,4,11.3,12.35,-0.09
7,patriots,Mon,24-Oct,8:15PM ET,boxscore,L,NaN,4-Mar,NaN,Chicago Bears,14,33,12,260,190,70,4,24,390,147,243,1,-10.97,-8.77,-0.11
8,patriots,Sun,30-Oct,1:00PM ET,boxscore,W,NaN,4-Apr,@,New York Jets,22,17,19,288,161,127,1,17,387,336,51,3,-9.31,2.3,12.01
9,patriots,Sun,6-Nov,1:00PM ET,boxscore,W,NaN,4-May,NaN,Indianapolis Colts,26,3,11,203,133,70,1,8,121,43,78,1,-9.55,31.93,-1.05
10,patriots,NaN,NaN,NaN,NaN,NaN,NaN,NaN,NaN,Bye Week,NaN,NaN,NaN,NaN,NaN,NaN,NaN,NaN,NaN,NaN,NaN,NaN,NaN,NaN,NaN
11,patriots,Sun,20-Nov,1:00PM ET,boxscore,W,NaN,4-Jun,NaN,New York Jets,10,3,13,297,198,99,NaN,6,103,44,59,NaN,-9.78,18.64,-5.4
12,patriots,Thu,24-Nov,8:20PM ET,boxscore,L,NaN,5-Jun,@,Minnesota Vikings,26,33,17,409,364,45,NaN,23,358,301,57,1,11.53,-9.14,-7.59
13,patriots,Thu,1-Dec,8:15PM ET,boxscore,L,NaN,6-Jun,NaN,Buffalo Bills,10,24,14,242,182,60,NaN,22,355,223,132,1,-1.41,-9.5,-3.26
14,patriots,Mon,12-Dec,8:15PM ET,boxscore,W,NaN,6-Jul,@,Arizona Cardinals,27,13,18,328,225,103,1,19,323,210,113,2,-0.47,17.43,-0.9
15,patriots,Sun,18-Dec,4:05PM ET,boxscore,L,NaN,7-Jul,@,Las Vegas Raiders,24,30,19,318,112,206,1,18,308,211,97,1,-7.82,2.33,-2.58
16,patriots,Sat,24-Dec,1:00PM ET,boxscore,L,NaN,8-Jul,NaN,Cincinnati Bengals,18,22,15,285,224,61,1,28,442,369,73,3,-5,-0.86,-1.12
17,patriots,Sun,1-Jan,1:00PM ET,boxscore,W,NaN,8-Aug,NaN,Miami Dolphins,23,21,14,249,173,76,NaN,21,333,247,86,2,-1.2,1.36,1.03
18,patriots,Sun,8-Jan,1:00PM ET,boxscore,L,NaN,9-Aug,@,Buffalo Bills,23,35,20,341,234,107,3,18,327,237,90,3,-2.57,-5.28,-7.7
1,raiders,Sun,11-Sep,4:25PM ET,boxscore,L,NaN,0-1,@,Los Angeles Chargers,19,24,18,320,256,64,3,18,355,279,76,NaN,-2.73,-6.3,1.95
2,raiders,Sun,18-Sep,4:25PM ET,boxscore,L,OT,0-2,NaN,Arizona Cardinals,23,29,20,324,244,80,1,28,413,270,143,1,4.86,-12,-1.75
3,raiders,Sun,25-Sep,1:00PM ET,boxscore,L,NaN,0-3,@,Tennessee Titans,22,24,24,396,300,96,1,19,361,252,109,1,9.09,-9.1,-4.28
4,raiders,Sun,2-Oct,4:25PM ET,boxscore,W,NaN,3-Jan,NaN,Denver Broncos,32,23,25,385,173,212,NaN,12,299,214,85,1,12.04,6.65,-6.95
5,raiders,Mon,10-Oct,8:15PM ET,boxscore,L,NaN,4-Jan,@,Kansas City Chiefs,29,30,18,378,223,155,NaN,29,368,265,103,NaN,11.65,-14.21,-0.35
6,raiders,NaN,NaN,NaN,NaN,NaN,NaN,NaN,NaN,Bye Week,NaN,NaN,NaN,NaN,NaN,NaN,NaN,NaN,NaN,NaN,NaN,NaN,NaN,NaN,NaN
7,raiders,Sun,23-Oct,4:05PM ET,boxscore,W,NaN,4-Feb,NaN,Houston Texans,38,20,25,400,236,164,NaN,21,404,296,108,1,23.48,-5.28,-1.03
8,raiders,Sun,30-Oct,1:00PM ET,boxscore,L,NaN,5-Feb,@,New Orleans Saints,0,24,13,183,145,38,1,22,367,231,136,NaN,-8.49,-16.76,6.72
9,raiders,Sun,6-Nov,1:00PM ET,boxscore,L,NaN,6-Feb,@,Jacksonville Jaguars,20,27,16,321,248,73,1,22,403,235,168,1,-0.43,-13.11,2.69
10,raiders,Sun,13-Nov,4:05PM ET,boxscore,L,NaN,7-Feb,NaN,Indianapolis Colts,20,25,18,309,232,77,NaN,20,415,208,207,1,-0.17,-10.87,8.65
11,raiders,Sun,20-Nov,4:05PM ET,boxscore,W,OT,7-Mar,@,Denver Broncos,22,16,20,407,298,109,NaN,19,320,226,94,NaN,5.95,-4.11,4.44
12,raiders,Sun,27-Nov,4:05PM ET,boxscore,W,OT,7-Apr,@,Seattle Seahawks,40,34,27,576,293,283,2,22,372,307,65,2,16.24,-6.66,-6.76
13,raiders,Sun,4-Dec,4:25PM ET,boxscore,W,NaN,7-May,NaN,Los Angeles Chargers,27,20,21,404,250,154,2,22,386,314,72,1,5.34,-0.15,-1.56
14,raiders,Thu,8-Dec,8:15PM ET,boxscore,L,NaN,8-May,@,Los Angeles Rams,16,17,17,302,137,165,2,20,282,211,71,1,0.55,-5.59,4.09
15,raiders,Sun,18-Dec,4:05PM ET,boxscore,W,NaN,8-Jun,NaN,New England Patriots,30,24,18,308,211,97,1,19,318,112,206,1,-2.33,7.82,2.58
16,raiders,Sat,24-Dec,8:15PM ET,boxscore,L,NaN,9-Jun,@,Pittsburgh Steelers,10,13,13,201,143,58,3,19,350,244,106,1,-9.12,-2.33,5.58
17,raiders,Sun,1-Jan,4:05PM ET,boxscore,L,OT,10-Jun,NaN,San Francisco 49ers,34,37,29,500,365,135,2,27,454,284,170,1,13.83,-23.25,6.49
18,raiders,Sat,7-Jan,4:30PM ET,boxscore,L,NaN,11-Jun,NaN,Kansas City Chiefs,13,31,21,279,180,99,2,21,349,181,168,NaN,-5.67,-16.83,1.37
1,rams,Thu,8-Sep,8:20PM ET,boxscore,L,NaN,0-1,NaN,Buffalo Bills,10,31,19,243,191,52,3,23,413,292,121,4,-10.29,-13.89,3.96
2,rams,Sun,18-Sep,4:05PM ET,boxscore,W,NaN,1-Jan,NaN,Atlanta Falcons,31,27,24,337,272,65,3,17,261,171,90,3,8.46,3.49,-8.11
3,rams,Sun,25-Sep,4:25PM ET,boxscore,W,NaN,1-Feb,@,Arizona Cardinals,20,12,15,339,239,100,1,23,365,295,70,NaN,5.31,-0.8,5.72
4,rams,Mon,3-Oct,8:15PM ET,boxscore,L,NaN,2-Feb,@,San Francisco 49ers,9,24,21,257,200,57,2,13,327,239,88,NaN,-11.56,-10.05,7.93
5,rams,Sun,9-Oct,4:25PM ET,boxscore,L,NaN,3-Feb,NaN,Dallas Cowboys,10,22,14,323,285,38,3,10,239,76,163,NaN,-11.11,8.44,-6.98
6,rams,Sun,16-Oct,4:05PM ET,boxscore,W,NaN,3-Mar,NaN,Carolina Panthers,24,10,22,360,249,111,1,8,203,110,93,1,3.51,11.74,-2.53
7,rams,NaN,NaN,NaN,NaN,NaN,NaN,NaN,NaN,Bye Week,NaN,NaN,NaN,NaN,NaN,NaN,NaN,NaN,NaN,NaN,NaN,NaN,NaN,NaN,NaN
8,rams,Sun,30-Oct,4:25PM ET,boxscore,L,NaN,4-Mar,NaN,San Francisco 49ers,14,31,16,223,167,56,NaN,22,368,257,111,NaN,3.37,-23.18,2.48
9,rams,Sun,6-Nov,4:25PM ET,boxscore,L,NaN,5-Mar,@,Tampa Bay Buccaneers,13,16,9,206,138,68,NaN,18,323,272,51,NaN,-10.99,8.87,-1.37
10,rams,Sun,13-Nov,4:25PM ET,boxscore,L,NaN,6-Mar,NaN,Arizona Cardinals,17,27,18,256,190,66,2,18,298,220,78,NaN,-5.36,-5.83,0.48
11,rams,Sun,20-Nov,1:00PM ET,boxscore,L,NaN,7-Mar,@,New Orleans Saints,20,27,17,336,188,148,NaN,19,323,235,88,NaN,3.06,-8.99,-2.98
12,rams,Sun,27-Nov,4:25PM ET,boxscore,L,NaN,8-Mar,@,Kansas City Chiefs,10,26,13,198,82,116,2,29,437,320,117,2,-9.01,-13.96,8.76
13,rams,Sun,4-Dec,4:05PM ET,boxscore,L,NaN,9-Mar,NaN,Seattle Seahawks,23,27,20,319,148,171,2,25,438,348,90,2,4.46,-12.57,3.11
14,rams,Thu,8-Dec,8:15PM ET,boxscore,W,NaN,9-Apr,NaN,Las Vegas Raiders,17,16,20,282,211,71,1,17,302,137,165,2,5.59,-0.55,-4.09
15,rams,Mon,19-Dec,8:15PM ET,boxscore,L,NaN,10-Apr,@,Green Bay Packers,12,24,13,156,84,72,1,27,345,207,138,2,-1.29,-13.03,-0.81
16,rams,Sun,25-Dec,4:30PM ET,boxscore,W,NaN,10-May,NaN,Denver Broncos,51,14,26,388,230,158,NaN,18,323,219,104,4,22.61,13.18,1.14
17,rams,Sun,1-Jan,4:25PM ET,boxscore,L,NaN,11-May,@,Los Angeles Chargers,10,31,12,277,111,166,1,22,431,239,192,NaN,-0.47,-21.57,0.25
18,rams,Sun,8-Jan,4:25PM ET,boxscore,L,OT,12-May,@,Seattle Seahawks,16,19,14,269,123,146,1,22,402,205,197,2,-3.8,3.11,-2.32
1,ravens,Sun,11-Sep,1:00PM ET,boxscore,W,NaN,Jan-00,@,New York Jets,24,9,13,274,211,63,1,24,380,297,83,2,3.65,8.07,5.04
2,ravens,Sun,18-Sep,1:00PM ET,boxscore,L,NaN,1-Jan,NaN,Miami Dolphins,38,42,23,473,318,155,NaN,27,547,461,86,2,20.31,-32,7.09
3,ravens,Sun,25-Sep,1:00PM ET,boxscore,W,NaN,1-Feb,@,New England Patriots,37,26,19,394,206,188,2,22,447,302,145,4,11.67,-3.5,3.18
4,ravens,Sun,2-Oct,1:00PM ET,boxscore,L,NaN,2-Feb,NaN,Buffalo Bills,20,23,22,296,134,162,2,22,326,201,125,2,-2.66,-2.1,1.69
5,ravens,Sun,9-Oct,8:20PM ET,boxscore,W,NaN,2-Mar,NaN,Cincinnati Bengals,19,17,22,325,170,155,1,20,291,190,101,1,3.89,-3.22,1.19
6,ravens,Sun,16-Oct,1:00PM ET,boxscore,L,NaN,3-Mar,@,New York Giants,20,24,23,406,195,211,2,18,238,155,83,1,6,-4.93,-8.06
7,ravens,Sun,23-Oct,1:00PM ET,boxscore,W,NaN,3-Apr,NaN,Cleveland Browns,23,20,17,254,94,160,1,18,336,223,113,2,1.58,-6.61,7.18
8,ravens,Thu,27-Oct,8:15PM ET,boxscore,W,NaN,3-May,@,Tampa Bay Buccaneers,27,22,27,453,222,231,NaN,20,349,305,44,1,11.24,-8.68,6.73
9,ravens,Mon,7-Nov,8:15PM ET,boxscore,W,NaN,3-Jun,@,New Orleans Saints,27,13,23,319,131,188,NaN,13,243,195,48,1,11.91,3.99,-1.6
10,ravens,NaN,NaN,NaN,NaN,NaN,NaN,NaN,NaN,Bye Week,NaN,NaN,NaN,NaN,NaN,NaN,NaN,NaN,NaN,NaN,NaN,NaN,NaN,NaN,NaN
11,ravens,Sun,20-Nov,1:00PM ET,boxscore,W,NaN,3-Jul,NaN,Carolina Panthers,13,3,19,308,193,115,1,13,205,169,36,3,-5.63,20.39,-3.58
12,ravens,Sun,27-Nov,1:00PM ET,boxscore,L,NaN,4-Jul,@,Jacksonville Jaguars,27,28,24,415,253,162,2,18,332,294,38,1,8.53,-5.31,-1.38
13,ravens,Sun,4-Dec,1:00PM ET,boxscore,W,NaN,4-Aug,NaN,Denver Broncos,10,9,20,285,182,103,2,12,272,184,88,NaN,-2.33,4.43,-1.45
14,ravens,Sun,11-Dec,1:00PM ET,boxscore,W,NaN,4-Sep,@,Pittsburgh Steelers,16,14,18,309,94,215,NaN,23,329,264,65,3,1.06,-7.51,6.16
15,ravens,Sat,17-Dec,4:30PM ET,boxscore,L,NaN,5-Sep,@,Cleveland Browns,3,13,17,324,126,198,2,19,283,140,143,NaN,-7.94,-2.64,-0.26
16,ravens,Sat,24-Dec,1:00PM ET,boxscore,W,NaN,5-Oct,NaN,Atlanta Falcons,17,9,15,299,115,184,NaN,17,327,212,115,1,2.18,7.26,-3.42
17,ravens,Sun,1-Jan,8:20PM ET,boxscore,L,NaN,6-Oct,NaN,Pittsburgh Steelers,13,16,15,240,120,120,1,22,351,153,198,NaN,-0.15,-9.3,6.66
18,ravens,Sun,8-Jan,1:00PM ET,boxscore,L,NaN,7-Oct,@,Cincinnati Bengals,16,27,20,386,276,110,4,15,257,202,55,1,-13.37,9.98,-2.37
NaN,ravens,NaN,Playoffs,NaN,NaN,NaN,NaN,NaN,NaN,NaN,NaN,NaN,NaN,NaN,NaN,NaN,NaN,NaN,NaN,NaN,NaN,NaN,NaN,NaN,NaN
Wild Card,ravens,Sun,15-Jan,8:15PM ET,boxscore,L,NaN,8-Oct,@,Cincinnati Bengals,17,24,23,364,209,155,2,18,234,183,51,1,-1.77,-0.7,-2.72
1,saints,Sun,11-Sep,1:00PM ET,boxscore,W,NaN,Jan-00,@,Atlanta Falcons,27,26,18,385,234,151,1,26,416,215,201,2,4.62,-7.5,-0.51
2,saints,Sun,18-Sep,1:00PM ET,boxscore,L,NaN,1-Jan,NaN,Tampa Bay Buccaneers,10,20,18,308,208,100,5,13,260,188,72,1,-18.41,9.2,-2.71
3,saints,Sun,25-Sep,1:00PM ET,boxscore,L,NaN,2-Jan,@,Carolina Panthers,14,22,19,426,342,84,3,12,293,148,145,NaN,-4.57,9.01,-11.38
4,saints,Sun,2-Oct,9:30AM ET,boxscore,L,NaN,3-Jan,NaN,Minnesota Vikings,25,28,19,338,227,111,2,23,344,263,81,1,7.36,-6.41,-2.69
5,saints,Sun,9-Oct,1:00PM ET,boxscore,W,NaN,3-Feb,NaN,Seattle Seahawks,39,32,26,438,203,235,2,15,396,245,151,1,15.05,-4.57,-0.32
6,saints,Sun,16-Oct,1:00PM ET,boxscore,L,NaN,4-Feb,NaN,Cincinnati Bengals,26,30,22,399,171,228,NaN,21,348,273,75,1,9.06,-17.18,2.4
7,saints,Thu,20-Oct,8:15PM ET,boxscore,L,NaN,5-Feb,@,Arizona Cardinals,34,42,25,494,409,85,3,21,326,189,137,NaN,5.93,-13.74,-1.75
8,saints,Sun,30-Oct,1:00PM ET,boxscore,W,NaN,5-Mar,NaN,Las Vegas Raiders,24,0,22,367,231,136,NaN,13,183,145,38,1,16.76,8.49,-6.72
9,saints,Mon,7-Nov,8:15PM ET,boxscore,L,NaN,6-Mar,NaN,Baltimore Ravens,13,27,13,243,195,48,1,23,319,131,188,NaN,-3.99,-11.91,1.6
10,saints,Sun,13-Nov,1:00PM ET,boxscore,L,NaN,7-Mar,@,Pittsburgh Steelers,10,20,10,186,157,29,2,28,379,162,217,NaN,-10.6,-13.42,11.01
11,saints,Sun,20-Nov,1:00PM ET,boxscore,W,NaN,7-Apr,NaN,Los Angeles Rams,27,20,19,323,235,88,NaN,17,336,188,148,NaN,8.99,-3.06,2.98
12,saints,Sun,27-Nov,4:25PM ET,boxscore,L,NaN,8-Apr,@,San Francisco 49ers,0,13,14,260,197,63,2,21,317,221,96,NaN,-8.15,-2.05,-2.22
13,saints,Mon,5-Dec,8:15PM ET,boxscore,L,NaN,9-Apr,@,Tampa Bay Buccaneers,16,17,14,298,232,66,NaN,25,350,274,76,2,-0.04,-2.62,2.46
14,saints,NaN,NaN,NaN,NaN,NaN,NaN,NaN,NaN,Bye Week,NaN,NaN,NaN,NaN,NaN,NaN,NaN,NaN,NaN,NaN,NaN,NaN,NaN,NaN,NaN
15,saints,Sun,18-Dec,1:00PM ET,boxscore,W,NaN,9-May,NaN,Atlanta Falcons,21,18,17,348,214,134,1,21,320,89,231,1,6.38,-8.41,1.86
16,saints,Sat,24-Dec,1:00PM ET,boxscore,W,NaN,9-Jun,@,Cleveland Browns,17,10,14,244,92,152,1,15,249,125,124,1,-4.01,12.78,-2.04
17,saints,Sun,1-Jan,1:00PM ET,boxscore,W,NaN,9-Jul,@,Philadelphia Eagles,20,10,19,313,184,129,1,11,313,246,67,1,-2.95,12.38,0.32
18,saints,Sun,8-Jan,1:00PM ET,boxscore,L,NaN,10-Jul,NaN,Carolina Panthers,7,10,16,304,161,143,1,14,203,32,171,2,-4.13,8.41,-7.85
1,seahawks,Mon,12-Sep,8:20PM ET,boxscore,W,NaN,Jan-00,NaN,Denver Broncos,17,16,19,253,177,76,1,20,433,330,103,2,4.1,-9.94,6.84
2,seahawks,Sun,18-Sep,4:05PM ET,boxscore,L,NaN,1-Jan,@,San Francisco 49ers,7,27,14,216,180,36,3,25,373,184,189,NaN,-9.18,-16.39,7.67
3,seahawks,Sun,25-Sep,4:25PM ET,boxscore,L,NaN,2-Jan,NaN,Atlanta Falcons,23,27,23,420,308,112,1,24,386,207,179,2,15.09,-20.84,-1.2
4,seahawks,Sun,2-Oct,1:00PM ET,boxscore,W,NaN,2-Feb,@,Detroit Lions,48,45,27,555,320,235,1,27,520,375,145,2,32.93,-22.12,-3.99
5,seahawks,Sun,9-Oct,1:00PM ET,boxscore,L,NaN,3-Feb,@,New Orleans Saints,32,39,15,396,245,151,1,26,438,203,235,2,4.57,-15.05,0.32
6,seahawks,Sun,16-Oct,4:05PM ET,boxscore,W,NaN,3-Mar,NaN,Arizona Cardinals,19,9,19,296,160,136,1,15,315,171,144,2,-8.22,14.01,5.25
7,seahawks,Sun,23-Oct,4:25PM ET,boxscore,W,NaN,3-Apr,@,Los Angeles Chargers,37,23,24,404,191,213,2,21,329,276,53,2,12.13,4.6,-1.1
8,seahawks,Sun,30-Oct,4:25PM ET,boxscore,W,NaN,3-May,NaN,New York Giants,27,13,19,277,190,87,1,14,225,147,78,2,-2.79,10.8,8.31
9,seahawks,Sun,6-Nov,4:05PM ET,boxscore,W,NaN,3-Jun,@,Arizona Cardinals,31,21,27,421,263,158,1,15,262,140,122,1,10.67,5.02,0.9
10,seahawks,Sun,13-Nov,9:30AM ET,boxscore,L,NaN,4-Jun,@,Tampa Bay Buccaneers,16,21,19,283,244,39,1,26,419,258,161,2,-0.15,-13.2,7.78
11,seahawks,NaN,NaN,NaN,NaN,NaN,NaN,NaN,NaN,Bye Week,NaN,NaN,NaN,NaN,NaN,NaN,NaN,NaN,NaN,NaN,NaN,NaN,NaN,NaN,NaN
12,seahawks,Sun,27-Nov,4:05PM ET,boxscore,L,OT,5-Jun,NaN,Las Vegas Raiders,34,40,22,372,307,65,2,27,576,293,283,2,6.66,-16.24,6.76
13,seahawks,Sun,4-Dec,4:05PM ET,boxscore,W,NaN,5-Jul,@,Los Angeles Rams,27,23,25,438,348,90,2,20,319,148,171,2,12.57,-4.46,-3.11
14,seahawks,Sun,11-Dec,4:25PM ET,boxscore,L,NaN,6-Jul,NaN,Carolina Panthers,24,30,16,287,241,46,2,24,328,105,223,NaN,1.49,-9.49,-0.23
15,seahawks,Thu,15-Dec,8:15PM ET,boxscore,L,NaN,7-Jul,NaN,San Francisco 49ers,13,21,16,277,207,70,1,15,381,211,170,NaN,-11.24,-9.75,8.96
16,seahawks,Sat,24-Dec,1:00PM ET,boxscore,L,NaN,8-Jul,@,Kansas City Chiefs,10,24,19,333,200,133,1,14,297,220,77,NaN,-11.64,-3.1,2.23
17,seahawks,Sun,1-Jan,4:05PM ET,boxscore,W,NaN,8-Aug,NaN,New York Jets,23,6,20,346,148,198,NaN,20,279,204,75,3,3.31,16.78,-4.05
18,seahawks,Sun,8-Jan,4:25PM ET,boxscore,W,OT,8-Sep,NaN,Los Angeles Rams,19,16,22,402,205,197,2,14,269,123,146,1,-3.11,3.8,2.32
NaN,seahawks,NaN,Playoffs,NaN,NaN,NaN,NaN,NaN,NaN,NaN,NaN,NaN,NaN,NaN,NaN,NaN,NaN,NaN,NaN,NaN,NaN,NaN,NaN,NaN,NaN
Wild Card,seahawks,Sat,14-Jan,4:30PM ET,boxscore,L,NaN,9-Sep,@,San Francisco 49ers,23,41,22,332,228,104,2,24,505,324,181,NaN,6.41,-27.6,0.62
1,steelers,Sun,11-Sep,1:00PM ET,boxscore,W,OT,Jan-00,@,Cincinnati Bengals,23,20,13,267,192,75,NaN,32,432,299,133,5,-8.41,7.49,4.85
2,steelers,Sun,18-Sep,1:00PM ET,boxscore,L,NaN,1-Jan,NaN,New England Patriots,14,17,16,243,152,91,2,18,376,252,124,1,-3.44,-6.14,3.25
3,steelers,Thu,22-Sep,8:15PM ET,boxscore,L,NaN,2-Jan,@,Cleveland Browns,17,29,20,308,204,104,1,22,376,205,171,NaN,-1.19,-10.79,-0.62
4,steelers,Sun,2-Oct,1:00PM ET,boxscore,L,NaN,3-Jan,NaN,New York Jets,20,24,20,297,178,119,4,19,348,250,98,2,-2.55,1.46,-2.91
5,steelers,Sun,9-Oct,1:00PM ET,boxscore,L,NaN,4-Jan,@,Buffalo Bills,3,38,23,364,310,54,2,21,552,432,120,2,-9.42,-20.66,-3.54
6,steelers,Sun,16-Oct,1:00PM ET,boxscore,W,NaN,4-Feb,NaN,Tampa Bay Buccaneers,20,18,15,270,193,77,NaN,20,304,229,75,NaN,2.61,-0.17,2.77
7,steelers,Sun,23-Oct,8:20PM ET,boxscore,L,NaN,5-Feb,@,Miami Dolphins,10,16,19,341,246,95,3,17,372,261,111,NaN,-6.72,-0.04,2.49
8,steelers,Sun,30-Oct,1:00PM ET,boxscore,L,NaN,6-Feb,@,Philadelphia Eagles,13,35,21,302,158,144,2,20,401,290,111,NaN,-4.96,-23.31,2.01
9,steelers,NaN,NaN,NaN,NaN,NaN,NaN,NaN,NaN,Bye Week,NaN,NaN,NaN,NaN,NaN,NaN,NaN,NaN,NaN,NaN,NaN,NaN,NaN,NaN,NaN
10,steelers,Sun,13-Nov,1:00PM ET,boxscore,W,NaN,6-Mar,NaN,New Orleans Saints,20,10,28,379,162,217,NaN,10,186,157,29,2,13.42,10.6,-11.01
11,steelers,Sun,20-Nov,4:25PM ET,boxscore,L,NaN,7-Mar,NaN,Cincinnati Bengals,30,37,17,351,249,102,NaN,22,408,346,62,2,3.17,-9.45,-2.27
12,steelers,Mon,28-Nov,8:15PM ET,boxscore,W,NaN,7-Apr,@,Indianapolis Colts,24,17,22,323,151,172,NaN,19,290,180,110,2,7.95,3.22,-7.37
13,steelers,Sun,4-Dec,1:00PM ET,boxscore,W,NaN,7-May,@,Atlanta Falcons,19,16,22,351,197,154,NaN,18,306,160,146,1,9.6,-0.33,-1.33
14,steelers,Sun,11-Dec,1:00PM ET,boxscore,L,NaN,8-May,NaN,Baltimore Ravens,14,16,23,329,264,65,3,18,309,94,215,NaN,7.51,-1.06,-6.16
15,steelers,Sun,18-Dec,1:00PM ET,boxscore,W,NaN,8-Jun,@,Carolina Panthers,24,16,22,325,169,156,NaN,12,209,188,21,NaN,12.16,-3.72,1.58
16,steelers,Sat,24-Dec,8:15PM ET,boxscore,W,NaN,8-Jul,NaN,Las Vegas Raiders,13,10,19,350,244,106,1,13,201,143,58,3,2.33,9.12,-5.58
17,steelers,Sun,1-Jan,8:20PM ET,boxscore,W,NaN,8-Aug,@,Baltimore Ravens,16,13,22,351,153,198,NaN,15,240,120,120,1,9.3,0.15,-6.66
18,steelers,Sun,8-Jan,1:00PM ET,boxscore,W,NaN,8-Sep,NaN,Cleveland Browns,28,14,23,333,189,144,1,18,307,173,134,2,10.81,-3.47,2.18
1,texans,Sun,11-Sep,1:00PM ET,boxscore,T,OT,0-0-1,NaN,Indianapolis Colts,20,20,20,299,222,77,1,33,517,340,177,2,-2.14,-5.67,9.43
2,texans,Sun,18-Sep,4:25PM ET,boxscore,L,NaN,0-1-1,@,Denver Broncos,9,16,15,234,154,80,NaN,20,350,201,149,1,-12.19,-3.38,5.2
3,texans,Sun,25-Sep,1:00PM ET,boxscore,L,NaN,0-2-1,@,Chicago Bears,20,23,17,329,237,92,2,17,363,82,281,2,-1.75,-2.69,1.18
4,texans,Sun,2-Oct,1:00PM ET,boxscore,L,NaN,0-3-1,NaN,Los Angeles Chargers,24,34,16,346,215,131,2,22,419,338,81,1,2.14,-15.96,4.62
5,texans,Sun,9-Oct,1:00PM ET,boxscore,W,NaN,1/3/2001,@,Jacksonville Jaguars,13,6,15,248,132,116,NaN,22,422,286,136,2,-2,2.39,3.89
6,texans,NaN,NaN,NaN,NaN,NaN,NaN,NaN,NaN,Bye Week,NaN,NaN,NaN,NaN,NaN,NaN,NaN,NaN,NaN,NaN,NaN,NaN,NaN,NaN,NaN
7,texans,Sun,23-Oct,4:05PM ET,boxscore,L,NaN,1/4/2001,@,Las Vegas Raiders,20,38,21,404,296,108,1,25,400,236,164,NaN,5.28,-23.48,1.03
8,texans,Sun,30-Oct,4:05PM ET,boxscore,L,NaN,1/5/2001,NaN,Tennessee Titans,10,17,10,161,118,43,1,16,354,40,314,2,-14.53,-2.29,7.78
9,texans,Thu,3-Nov,8:15PM ET,boxscore,L,NaN,1/6/2001,NaN,Philadelphia Eagles,17,29,20,303,135,168,2,24,360,217,143,1,1.89,-17.84,2.38
10,texans,Sun,13-Nov,1:00PM ET,boxscore,L,NaN,1/7/2001,@,New York Giants,16,24,22,387,286,101,2,19,367,176,191,NaN,0.4,-10.29,0.41
11,texans,Sun,20-Nov,1:00PM ET,boxscore,L,NaN,1/8/2001,NaN,Washington Commanders,10,23,11,148,127,21,2,20,344,191,153,NaN,-15.79,-4.31,2.12
12,texans,Sun,27-Nov,1:00PM ET,boxscore,L,NaN,1/9/2001,@,Miami Dolphins,15,30,14,210,174,36,3,25,339,273,66,1,-22.74,1.9,3.97
13,texans,Sun,4-Dec,1:00PM ET,boxscore,L,NaN,1/10/2001,NaN,Cleveland Browns,14,27,16,283,201,82,4,14,304,130,174,2,-23.84,13.96,-5.52
14,texans,Sun,11-Dec,1:00PM ET,boxscore,L,NaN,1/11/2001,@,Dallas Cowboys,23,27,16,327,213,114,2,21,404,277,127,3,-8.28,-1.61,6.35
15,texans,Sun,18-Dec,1:00PM ET,boxscore,L,OT,1/12/2001,NaN,Kansas City Chiefs,24,30,18,219,125,94,1,33,502,313,189,2,2.21,-13.62,6.34
16,texans,Sat,24-Dec,1:00PM ET,boxscore,W,NaN,2/12/2001,@,Tennessee Titans,19,14,15,285,215,70,1,16,272,88,184,3,-5.71,10.96,-2.1
17,texans,Sun,1-Jan,1:00PM ET,boxscore,L,NaN,2/13/2001,NaN,Jacksonville Jaguars,3,31,13,277,193,84,1,20,337,168,169,2,-23.38,-4.68,4.1
18,texans,Sun,8-Jan,1:00PM ET,boxscore,W,NaN,3/13/2001,@,Indianapolis Colts,32,31,18,360,301,59,3,25,398,202,196,3,-0.16,-3.77,3.89
1,titans,Sun,11-Sep,4:25PM ET,boxscore,L,NaN,0-1,NaN,New York Giants,20,21,19,359,266,93,1,19,394,156,238,2,5.97,-3.72,-2.44
2,titans,Mon,19-Sep,7:15PM ET,boxscore,L,NaN,0-2,@,Buffalo Bills,7,41,12,187,107,80,4,23,414,313,101,NaN,-18.01,-17.69,-1.55
3,titans,Sun,25-Sep,1:00PM ET,boxscore,W,NaN,2-Jan,NaN,Las Vegas Raiders,24,22,19,361,252,109,1,24,396,300,96,1,9.1,-9.09,4.28
4,titans,Sun,2-Oct,1:00PM ET,boxscore,W,NaN,2-Feb,@,Indianapolis Colts,24,17,19,243,116,127,NaN,21,365,327,38,3,5.33,-3.36,6.98
5,titans,Sun,9-Oct,1:00PM ET,boxscore,W,NaN,2-Mar,@,Washington Commanders,21,17,15,241,136,105,NaN,17,385,342,43,1,0.25,-1.03,3.63
6,titans,NaN,NaN,NaN,NaN,NaN,NaN,NaN,NaN,Bye Week,NaN,NaN,NaN,NaN,NaN,NaN,NaN,NaN,NaN,NaN,NaN,NaN,NaN,NaN,NaN
7,titans,Sun,23-Oct,1:00PM ET,boxscore,W,NaN,2-Apr,NaN,Indianapolis Colts,19,10,16,254,116,138,1,17,292,227,65,3,-4.47,12.48,2.52
8,titans,Sun,30-Oct,4:05PM ET,boxscore,W,NaN,2-May,@,Houston Texans,17,10,16,354,40,314,2,10,161,118,43,1,2.29,14.53,-7.78
9,titans,Sun,6-Nov,8:20PM ET,boxscore,L,OT,3-May,@,Kansas City Chiefs,17,20,9,229,57,172,NaN,29,499,422,77,1,-3.85,-5.59,5.59
10,titans,Sun,13-Nov,1:00PM ET,boxscore,W,NaN,3-Jun,NaN,Denver Broncos,17,10,14,307,244,63,1,18,313,248,65,1,-3.15,5.39,4.06
11,titans,Thu,17-Nov,8:15PM ET,boxscore,W,NaN,3-Jul,@,Green Bay Packers,27,17,21,408,320,88,1,15,271,215,56,NaN,15.39,0.61,-2.77
12,titans,Sun,27-Nov,1:00PM ET,boxscore,L,NaN,4-Jul,NaN,Cincinnati Bengals,16,20,15,344,281,63,NaN,21,374,266,108,NaN,4.57,-5.39,-5.94
13,titans,Sun,4-Dec,1:00PM ET,boxscore,L,NaN,5-Jul,@,Philadelphia Eagles,10,35,11,209,122,87,NaN,26,453,386,67,NaN,-8.95,-25.58,6.75
14,titans,Sun,11-Dec,1:00PM ET,boxscore,L,NaN,6-Jul,NaN,Jacksonville Jaguars,22,36,22,364,227,137,4,22,428,368,60,NaN,-3.01,-13.06,3.47
15,titans,Sun,18-Dec,4:25PM ET,boxscore,L,NaN,7-Jul,@,Los Angeles Chargers,14,17,17,284,157,127,1,23,365,291,74,2,-2.21,-1.7,1.72
16,titans,Sat,24-Dec,1:00PM ET,boxscore,L,NaN,8-Jul,NaN,Houston Texans,14,19,16,272,88,184,3,15,285,215,70,1,-10.96,5.71,2.1
17,titans,Thu,29-Dec,8:15PM ET,boxscore,L,NaN,9-Jul,NaN,Dallas Cowboys,13,27,17,317,220,97,2,26,361,274,87,3,-5.83,-8.93,1.28
18,titans,Sat,7-Jan,8:15PM ET,boxscore,L,NaN,10-Jul,@,Jacksonville Jaguars,16,20,19,312,165,147,2,13,222,203,19,1,-9.68,4.3,1.28
1,vikings,Sun,11-Sep,4:25PM ET,boxscore,W,NaN,Jan-00,NaN,Green Bay Packers,23,7,19,395,269,126,NaN,21,338,227,111,2,9.99,1.89,1.12
2,vikings,Mon,19-Sep,8:30PM ET,boxscore,L,NaN,1-Jan,@,Philadelphia Eagles,7,24,20,264,202,62,3,25,486,323,163,1,-7.86,-14.26,7.37
3,vikings,Sun,25-Sep,1:00PM ET,boxscore,W,NaN,1-Feb,NaN,Detroit Lions,28,24,30,373,250,123,1,23,416,277,139,1,11.58,-8.25,1.93
4,vikings,Sun,2-Oct,9:30AM ET,boxscore,W,NaN,1-Mar,@,New Orleans Saints,28,25,23,344,263,81,1,19,338,227,111,2,6.41,-7.36,2.69
5,vikings,Sun,9-Oct,1:00PM ET,boxscore,W,NaN,1-Apr,NaN,Chicago Bears,29,22,29,429,312,117,1,14,271,193,78,1,21.45,-1.82,-9.74
6,vikings,Sun,16-Oct,1:00PM ET,boxscore,W,NaN,1-May,@,Miami Dolphins,24,16,11,234,156,78,NaN,23,458,385,73,3,-4.43,8.38,4.75
7,vikings,NaN,NaN,NaN,NaN,NaN,NaN,NaN,NaN,Bye Week,NaN,NaN,NaN,NaN,NaN,NaN,NaN,NaN,NaN,NaN,NaN,NaN,NaN,NaN,NaN
8,vikings,Sun,30-Oct,1:00PM ET,boxscore,W,NaN,1-Jun,NaN,Arizona Cardinals,34,26,25,381,208,173,1,25,375,297,78,3,10.22,-2.87,3.71
9,vikings,Sun,6-Nov,1:00PM ET,boxscore,W,NaN,1-Jul,@,Washington Commanders,20,17,17,301,245,56,1,18,263,126,137,1,-2.12,1.76,2.55
10,vikings,Sun,13-Nov,1:00PM ET,boxscore,W,OT,1-Aug,@,Buffalo Bills,33,30,24,481,334,147,2,29,486,311,175,4,4.8,-1.45,0.39
11,vikings,Sun,20-Nov,4:25PM ET,boxscore,L,NaN,2-Aug,NaN,Dallas Cowboys,3,40,16,183,110,73,1,23,458,307,151,NaN,-14.35,-24.31,0.94
12,vikings,Thu,24-Nov,8:20PM ET,boxscore,W,NaN,2-Sep,NaN,New England Patriots,33,26,23,358,301,57,1,17,409,364,45,NaN,9.14,-11.53,7.59
13,vikings,Sun,4-Dec,1:00PM ET,boxscore,W,NaN,2-Oct,NaN,New York Jets,27,22,21,287,159,128,NaN,23,486,366,120,2,5.08,-1.01,0.01
14,vikings,Sun,11-Dec,1:00PM ET,boxscore,L,NaN,3-Oct,@,Detroit Lions,23,34,23,416,394,22,2,23,464,330,134,NaN,7.96,-19.88,0.55
15,vikings,Sat,17-Dec,1:00PM ET,boxscore,W,OT,3-Nov,NaN,Indianapolis Colts,39,36,32,518,426,92,3,20,341,170,171,1,4.19,10.7,-12.83
16,vikings,Sat,24-Dec,1:00PM ET,boxscore,W,NaN,3-Dec,NaN,New York Giants,27,24,23,353,270,83,NaN,23,445,319,126,2,7.38,-6.2,3.12
17,vikings,Sun,1-Jan,4:25PM ET,boxscore,L,NaN,4-Dec,@,Green Bay Packers,17,41,18,346,244,102,4,20,315,152,163,NaN,-10.2,-9.54,-4.19
18,vikings,Sun,8-Jan,1:00PM ET,boxscore,W,NaN,13-4,@,Chicago Bears,29,13,28,482,341,141,2,13,259,141,118,2,16.54,5.75,-5.65
NaN,vikings,NaN,Playoffs,NaN,NaN,NaN,NaN,NaN,NaN,NaN,NaN,NaN,NaN,NaN,NaN,NaN,NaN,NaN,NaN,NaN,NaN,NaN,NaN,NaN,NaN
Wild Card,vikings,Sun,15-Jan,4:30PM ET,boxscore,L,NaN,13-5,NaN,New York Giants,24,31,21,332,271,61,NaN,28,431,289,142,NaN,13.86,-24,3.74
